sample_id,path,label,split,dataset_source,group_id,source_video_id,identity_id,original_id,generator,sha256
synth_real_001,synthetic_placeholders/real/celeba_00001.png,0,train,CelebA,connected:group_id_celeba_001,n/a_photograph,id_001,celeba_00001,authentic,e3b0c44298fc1c149afbf4c8996fb92427ae41e4649b934ca495991b7852b855
synth_real_002,synthetic_placeholders/real/celeba_00002.png,0,train,CelebA,connected:group_id_celeba_002,n/a_photograph,id_002,celeba_00002,authentic,e3b0c44298fc1c149afbf4c8996fb92427ae41e4649b934ca495991b7852b856
synth_real_003,synthetic_placeholders/real/ffpp_001_00.png,0,train,FaceForensics++,connected:group_ffpp_001_002,ffpp_001,unknown,ffpp_001,authentic,e3b0c44298fc1c149afbf4c8996fb92427ae41e4649b934ca495991b7852b857
synth_fake_001,synthetic_placeholders/fake/ffpp_001_002_df.png,1,train,FaceForensics++,connected:group_ffpp_001_002,ffpp_001_002,unknown,ffpp_001,Deepfakes,e3b0c44298fc1c149afbf4c8996fb92427ae41e4649b934ca495991b7852b858
synth_fake_002,synthetic_placeholders/fake/diffface_adm_001.png,1,train,DiffFace,connected:group_diffface_001,n/a_synthesis,unknown,unknown,ADM,e3b0c44298fc1c149afbf4c8996fb92427ae41e4649b934ca495991b7852b859
synth_real_004,synthetic_placeholders/real/celeba_00003.png,0,dev,CelebA,connected:group_id_celeba_003,n/a_photograph,id_003,celeba_00003,authentic,e3b0c44298fc1c149afbf4c8996fb92427ae41e4649b934ca495991b7852b860
synth_fake_003,synthetic_placeholders/fake/diffface_ddim_001.png,1,dev,DiffFace,connected:group_diffface_002,n/a_synthesis,unknown,unknown,DDIM,e3b0c44298fc1c149afbf4c8996fb92427ae41e4649b934ca495991b7852b861
synth_real_005,synthetic_placeholders/real/celebdf_real_001.png,0,internal_test,Celeb-DF-v2,connected:group_celebdf_001,celebdf_id0_0001,id0,celebdf_id0_0001,authentic,e3b0c44298fc1c149afbf4c8996fb92427ae41e4649b934ca495991b7852b862
synth_fake_004,synthetic_placeholders/fake/celebdf_synth_001.png,1,internal_test,Celeb-DF-v2,connected:group_celebdf_001,celebdf_id0_0001,id0,celebdf_id0,Celeb-DF_synthesis,e3b0c44298fc1c149afbf4c8996fb92427ae41e4649b934ca495991b7852b863
