sample_id,path,label,split,cohort,subcollection,dataset_source,group_id,sha256
train_num_real_037218,E:\archive_investigation_scratch_task\extracted_samples\Preapred Dataset\train\real\037218.jpg,0,train,training_diagnostic,numeric_real,archived_training,none,813cfaa33b5fefc2b6ea670e5aa302b64f69b8c65111c75eb1eefc2749758f97
train_num_real_006509,E:\archive_investigation_scratch_task\extracted_samples\Preapred Dataset\train\real\006509.jpg,0,train,training_diagnostic,numeric_real,archived_training,none,37b2e18e393a0f5c33fa38e5f05441a130ef4f8869c0ed3f147e44fa4a3ca88b
train_num_real_134890,E:\archive_investigation_scratch_task\extracted_samples\Preapred Dataset\train\real\134890.jpg,0,train,training_diagnostic,numeric_real,archived_training,none,b403c32ebd32ab24af741fb88f869f370f5f2143f35fceec4617a12710126e98
train_num_real_042778,E:\archive_investigation_scratch_task\extracted_samples\Preapred Dataset\train\real\042778.jpg,0,train,training_diagnostic,numeric_real,archived_training,none,79d12142ef31d6293233e534d14b93e5b0d098ecfefb782a662545b804ac68aa
train_num_real_039099,E:\archive_investigation_scratch_task\extracted_samples\Preapred Dataset\train\real\039099.jpg,0,train,training_diagnostic,numeric_real,archived_training,none,f85ea0bbbbdc0f48ca1bbfb5e5caecaac60f795aa73840b4e66784637882e868
train_num_real_201296,E:\archive_investigation_scratch_task\extracted_samples\Preapred Dataset\train\real\201296.jpg,0,train,training_diagnostic,numeric_real,archived_training,none,2eb0d6637244f8b84f90bdc7f8bc99954af4e6a7ec05e687f2213342d17f92d4
train_num_real_027798,E:\archive_investigation_scratch_task\extracted_samples\Preapred Dataset\train\real\027798.jpg,0,train,training_diagnostic,numeric_real,archived_training,none,8f8dfa0844f2263009cef04e1b04dfafc630bbf85997b08cc8d28db9297d1d56
train_num_real_187153,E:\archive_investigation_scratch_task\extracted_samples\Preapred Dataset\train\real\187153.jpg,0,train,training_diagnostic,numeric_real,archived_training,none,4a47466c41375066e8145c1853389a8d99a66fbfc8ad65a24a7003dcbfb72e5b
train_num_real_022383,E:\archive_investigation_scratch_task\extracted_samples\Preapred Dataset\train\real\022383.jpg,0,train,training_diagnostic,numeric_real,archived_training,none,6a5d096a18d51e91c2125a210c85dddce225193ab6a6aade9e9dfc69b6405454
train_num_real_119606,E:\archive_investigation_scratch_task\extracted_samples\Preapred Dataset\train\real\119606.jpg,0,train,training_diagnostic,numeric_real,archived_training,none,7dd6cd817aea3d9473cdd59cd5051ce52d4497824a9c9a0d2519bd52e765b3f2
train_num_real_169225,E:\archive_investigation_scratch_task\extracted_samples\Preapred Dataset\train\real\169225.jpg,0,train,training_diagnostic,numeric_real,archived_training,none,ea792861849ec88b369e8708664a7d52dd951cca15e000ce1268687c9964d786
train_num_real_094723,E:\archive_investigation_scratch_task\extracted_samples\Preapred Dataset\train\real\094723.jpg,0,train,training_diagnostic,numeric_real,archived_training,none,b4ec2b77481df3885b5c60aa05c6534fbc9a171b147959caf5f28d7566120851
train_num_real_019632,E:\archive_investigation_scratch_task\extracted_samples\Preapred Dataset\train\real\019632.jpg,0,train,training_diagnostic,numeric_real,archived_training,none,e8cf6115a08c7319f08d145a14eaf733992a41b59eef1187715ecdb88ed55f7e
train_num_real_097857,E:\archive_investigation_scratch_task\extracted_samples\Preapred Dataset\train\real\097857.jpg,0,train,training_diagnostic,numeric_real,archived_training,none,f222d411d13a634c38d31c45d92d5c4ce18d608c1c91970796a088a906839ca5
train_num_real_069601,E:\archive_investigation_scratch_task\extracted_samples\Preapred Dataset\train\real\069601.jpg,0,train,training_diagnostic,numeric_real,archived_training,none,f5480712ce2bb32a8db662a2e923140c420d2f765f590341acaa5e423ff394fb
train_num_real_014216,E:\archive_investigation_scratch_task\extracted_samples\Preapred Dataset\train\real\014216.jpg,0,train,training_diagnostic,numeric_real,archived_training,none,ae6a239e5e7dda12ff335d4397fe37d0a8c3ee543d3fe817d94053c34874200e
train_num_fake_11340,E:\archive_investigation_scratch_task\extracted_samples\Preapred Dataset\train\fake\11340.png,1,train,training_diagnostic,numeric_fake,archived_training,none,5470190709f9c5035d57b5fe14bdadf55c2d3c6db3ce1117c07fa15be04f4655
train_num_fake_12023,E:\archive_investigation_scratch_task\extracted_samples\Preapred Dataset\train\fake\12023.png,1,train,training_diagnostic,numeric_fake,archived_training,none,ae653d7c5f4bc750f830641509b373f9c4c8e63344ff70b33053ae9e3bd765f0
train_num_fake_14596,E:\archive_investigation_scratch_task\extracted_samples\Preapred Dataset\train\fake\14596.png,1,train,training_diagnostic,numeric_fake,archived_training,none,25246f06a92dfb5a214e52a9aea15e5fc64d055b7750c8b6d3f69df5564bf5c9
train_num_fake_15184,E:\archive_investigation_scratch_task\extracted_samples\Preapred Dataset\train\fake\15184.png,1,train,training_diagnostic,numeric_fake,archived_training,none,03d459ddecf6b3a5e429e9e6e16fdd78a00a717ed5d5a4a7b057aeb9d80c7d55
train_num_fake_24436,E:\archive_investigation_scratch_task\extracted_samples\Preapred Dataset\train\fake\24436.png,1,train,training_diagnostic,numeric_fake,archived_training,none,3feba4c44d15012e783fbe26ecc812db85c5fbdc4e1f34669f8c6f21f77b5f26
train_num_fake_26566,E:\archive_investigation_scratch_task\extracted_samples\Preapred Dataset\train\fake\26566.png,1,train,training_diagnostic,numeric_fake,archived_training,none,8c259038f669f945b1ea5b09e7fe28113bdf2cafaca28ed107c4917e8ef9168d
train_num_fake_10703,E:\archive_investigation_scratch_task\extracted_samples\Preapred Dataset\train\fake\10703.png,1,train,training_diagnostic,numeric_fake,archived_training,none,b694ea5d12f6ced3bfd5c4e132fedc57c8acc711333d8726fc8d8c614fc8cfeb
train_num_fake_2546,E:\archive_investigation_scratch_task\extracted_samples\Preapred Dataset\train\fake\2546.png,1,train,training_diagnostic,numeric_fake,archived_training,none,f1cdbcc1974b544557f252f6af54247796dbae723a024c1cda1a63d37f8c5270
train_num_fake_14543,E:\archive_investigation_scratch_task\extracted_samples\Preapred Dataset\train\fake\14543.png,1,train,training_diagnostic,numeric_fake,archived_training,none,be3be665a7413db71a5c0121ff4c4c22dafd86e0a683def10515d02deaed488c
train_num_fake_28390,E:\archive_investigation_scratch_task\extracted_samples\Preapred Dataset\train\fake\28390.png,1,train,training_diagnostic,numeric_fake,archived_training,none,62b2206c323d227588088350f201a8229f03ec004f667782248e0674a4590630
train_num_fake_27621,E:\archive_investigation_scratch_task\extracted_samples\Preapred Dataset\train\fake\27621.png,1,train,training_diagnostic,numeric_fake,archived_training,none,9ac0f45e2e9bd205569bbc949778993a290063be4f94aff3153002c135e7f62b
train_num_fake_28234,E:\archive_investigation_scratch_task\extracted_samples\Preapred Dataset\train\fake\28234.png,1,train,training_diagnostic,numeric_fake,archived_training,none,1899df1f1685aa22f9679ecab69bce232a9f6718d73c988910c0eacefc92e4f5
train_num_fake_25397,E:\archive_investigation_scratch_task\extracted_samples\Preapred Dataset\train\fake\25397.png,1,train,training_diagnostic,numeric_fake,archived_training,none,3a7f952e0ac6f402ac7acfc8840604e9a4265934c37bc32fc4d37089c5a4eb19
train_num_fake_22684,E:\archive_investigation_scratch_task\extracted_samples\Preapred Dataset\train\fake\22684.png,1,train,training_diagnostic,numeric_fake,archived_training,none,f3cfdd757a2f824ef818cc012a9c1df6758d83c8cc24bdae18fb6d268f086129
train_num_fake_7676,E:\archive_investigation_scratch_task\extracted_samples\Preapred Dataset\train\fake\7676.png,1,train,training_diagnostic,numeric_fake,archived_training,none,089fc36f1daee0961b1cb545dd12fd2215a8dfcab5858c1adae53d789a855e78
train_num_fake_23674,E:\archive_investigation_scratch_task\extracted_samples\Preapred Dataset\train\fake\23674.png,1,train,training_diagnostic,numeric_fake,archived_training,none,c8ca929e37b9e603b0142b50d0d87377d98f709446405570538a5d45f904ae54
train_vid_real_vid_91007c00fe164ef1051ea98e83169b66ab41796cff63adb9984003b805e44ba8_face_000054_020,E:\archive_investigation_scratch_task\extracted_samples\Preapred Dataset\train\real\vid_91007c00fe164ef1051ea98e83169b66ab41796cff63adb9984003b805e44ba8_face_000054_020.png,0,train,training_diagnostic,video_real,archived_training,vid_91007c00fe164ef1051ea98e83169b66ab41796cff63adb9984003b805e44ba8,21f590f4ba2b21f8ae5ce5a230d8bedc7b54b7206ce12f7eb72929e0bf50db75
train_vid_real_vid_c93246b0be9bc417899714250a381ec7df1a51b99749b6e9a71417d032550b9c_face_000020_011,E:\archive_investigation_scratch_task\extracted_samples\Preapred Dataset\train\real\vid_c93246b0be9bc417899714250a381ec7df1a51b99749b6e9a71417d032550b9c_face_000020_011.png,0,train,training_diagnostic,video_real,archived_training,vid_c93246b0be9bc417899714250a381ec7df1a51b99749b6e9a71417d032550b9c,4accafa358dfd1e66725706dbe436e537a3a58fa4237db83977f661a4717064a
train_vid_real_vid_d4778a37744af6a5ba6a49f785a48d843f8b92a2645b291c62224530ba4f784c_face_000024_009,E:\archive_investigation_scratch_task\extracted_samples\Preapred Dataset\train\real\vid_d4778a37744af6a5ba6a49f785a48d843f8b92a2645b291c62224530ba4f784c_face_000024_009.png,0,train,training_diagnostic,video_real,archived_training,vid_d4778a37744af6a5ba6a49f785a48d843f8b92a2645b291c62224530ba4f784c,b3228e7365edf297ae4a0a92dbf14a8792545b652a85a7a87e560bcdc04071d3
train_vid_real_vid_018a4ab3f0e7176486ba97c7f5e4e0c96abf0cea7c8db0b49f82e67f4b3e753e_face_000042_015,E:\archive_investigation_scratch_task\extracted_samples\Preapred Dataset\train\real\vid_018a4ab3f0e7176486ba97c7f5e4e0c96abf0cea7c8db0b49f82e67f4b3e753e_face_000042_015.png,0,train,training_diagnostic,video_real,archived_training,vid_018a4ab3f0e7176486ba97c7f5e4e0c96abf0cea7c8db0b49f82e67f4b3e753e,0260d1cbbf8ee1637e2fb590940060a566de5d21880de4ea7a7366a23c7c8e87
train_vid_real_vid_c18f924a587ece5790146b1c310f97e0e758606948df0751b3ad76a1f9b2a655_face_000048_009,E:\archive_investigation_scratch_task\extracted_samples\Preapred Dataset\train\real\vid_c18f924a587ece5790146b1c310f97e0e758606948df0751b3ad76a1f9b2a655_face_000048_009.png,0,train,training_diagnostic,video_real,archived_training,vid_c18f924a587ece5790146b1c310f97e0e758606948df0751b3ad76a1f9b2a655,6da5276bf76f61f1ed8e3a73cf242140ca3c984bc0fa65b89e4ab8f526769e7d
train_vid_real_vid_fc456c0edca8e800b562d0e46b05e2fe9965761c1ecf2c810b2268e123cf7cf1_face_000033_012,E:\archive_investigation_scratch_task\extracted_samples\Preapred Dataset\train\real\vid_fc456c0edca8e800b562d0e46b05e2fe9965761c1ecf2c810b2268e123cf7cf1_face_000033_012.png,0,train,training_diagnostic,video_real,archived_training,vid_fc456c0edca8e800b562d0e46b05e2fe9965761c1ecf2c810b2268e123cf7cf1,b859fa02e4f139c4597b3bbb3cd7e65d4aa302d9dd86c27d22b5ba0f90a5fc51
train_vid_real_vid_14cf3f97208b541a6c95c3593c985d8b8ec8f8bd2343ff1fc624b1d341c0064d_face_000046_025,E:\archive_investigation_scratch_task\extracted_samples\Preapred Dataset\train\real\vid_14cf3f97208b541a6c95c3593c985d8b8ec8f8bd2343ff1fc624b1d341c0064d_face_000046_025.png,0,train,training_diagnostic,video_real,archived_training,vid_14cf3f97208b541a6c95c3593c985d8b8ec8f8bd2343ff1fc624b1d341c0064d,27ebe3bf887f7bb869f4cc091ecc05a024e32a0e56fa92e753c86ea6a7447af5
train_vid_real_vid_b1e45689d0d3c2c01f5b064553880599106a8b8cefb27172ff1e6ec0347990ea_face_000015_009,E:\archive_investigation_scratch_task\extracted_samples\Preapred Dataset\train\real\vid_b1e45689d0d3c2c01f5b064553880599106a8b8cefb27172ff1e6ec0347990ea_face_000015_009.png,0,train,training_diagnostic,video_real,archived_training,vid_b1e45689d0d3c2c01f5b064553880599106a8b8cefb27172ff1e6ec0347990ea,2cb5ca7fb661740710a46a1eb9bcc6bf1edae5a2856ad7e3c134ce9707c04dd8
train_vid_real_vid_5eef96c6b4757969982efc82d5499a91b4296497dd0f8496977a4286d497b275_face_000042_027,E:\archive_investigation_scratch_task\extracted_samples\Preapred Dataset\train\real\vid_5eef96c6b4757969982efc82d5499a91b4296497dd0f8496977a4286d497b275_face_000042_027.png,0,train,training_diagnostic,video_real,archived_training,vid_5eef96c6b4757969982efc82d5499a91b4296497dd0f8496977a4286d497b275,588a61fdcb8760a82a792a1b087bb90e1381c7ee551b7b0856b7a28fbfe86f42
train_vid_real_vid_4633fcb324ad77c35b68ea24dcfd1c6fb27b6c09a9ddcf1be00c1ed5dc463f5e_face_000030_011,E:\archive_investigation_scratch_task\extracted_samples\Preapred Dataset\train\real\vid_4633fcb324ad77c35b68ea24dcfd1c6fb27b6c09a9ddcf1be00c1ed5dc463f5e_face_000030_011.png,0,train,training_diagnostic,video_real,archived_training,vid_4633fcb324ad77c35b68ea24dcfd1c6fb27b6c09a9ddcf1be00c1ed5dc463f5e,f18faf62510689bab2e798c86542fab58b17eb4b7201ce6276336c00f7f0cb5e
train_vid_real_vid_29640dafebd5cb67f4160caa2c17bf8effe2ed91af69fa7ad427cf997e85d5a1_face_000046_024,E:\archive_investigation_scratch_task\extracted_samples\Preapred Dataset\train\real\vid_29640dafebd5cb67f4160caa2c17bf8effe2ed91af69fa7ad427cf997e85d5a1_face_000046_024.png,0,train,training_diagnostic,video_real,archived_training,vid_29640dafebd5cb67f4160caa2c17bf8effe2ed91af69fa7ad427cf997e85d5a1,6799f28c9d7430d5e2c0d887ae77e1a1e2203c7be3fbbe76be31d9c8397e8bbf
train_vid_real_vid_1045c7a8f08915753771bf9b3e8017e55566c863c4bd55526ed4869d0241913b_face_000058_022,E:\archive_investigation_scratch_task\extracted_samples\Preapred Dataset\train\real\vid_1045c7a8f08915753771bf9b3e8017e55566c863c4bd55526ed4869d0241913b_face_000058_022.png,0,train,training_diagnostic,video_real,archived_training,vid_1045c7a8f08915753771bf9b3e8017e55566c863c4bd55526ed4869d0241913b,92ec50d3410805b0eefab5c83d9737aa1ec2413bb1d97ee0805e78176a750144
train_vid_real_vid_1a37aaf47ba7c01f28190038b6ffbebf9bf76de9c6d18bfe3d2acc2f978d66c6_face_000050_017,E:\archive_investigation_scratch_task\extracted_samples\Preapred Dataset\train\real\vid_1a37aaf47ba7c01f28190038b6ffbebf9bf76de9c6d18bfe3d2acc2f978d66c6_face_000050_017.png,0,train,training_diagnostic,video_real,archived_training,vid_1a37aaf47ba7c01f28190038b6ffbebf9bf76de9c6d18bfe3d2acc2f978d66c6,4b65fdd48d13bc147ad8c0fdd9f819d0715fdd314b2505b4c5625f02311fccee
train_vid_real_vid_ec28c919e8dcb6c49cd3fa4dfb52b0eb2d202b2b1bcf2899e9c7884cfe82a0d2_face_000066_024,E:\archive_investigation_scratch_task\extracted_samples\Preapred Dataset\train\real\vid_ec28c919e8dcb6c49cd3fa4dfb52b0eb2d202b2b1bcf2899e9c7884cfe82a0d2_face_000066_024.png,0,train,training_diagnostic,video_real,archived_training,vid_ec28c919e8dcb6c49cd3fa4dfb52b0eb2d202b2b1bcf2899e9c7884cfe82a0d2,b08732b235a2b16136b08a9c06ecc3e76fa20b477ce64e354599e87452d96c4d
train_vid_real_vid_cc3a02a36d7e32d728638c0c201e4394e5a080f7a280dc3dd1e5e604e1178aeb_face_000045_016,E:\archive_investigation_scratch_task\extracted_samples\Preapred Dataset\train\real\vid_cc3a02a36d7e32d728638c0c201e4394e5a080f7a280dc3dd1e5e604e1178aeb_face_000045_016.png,0,train,training_diagnostic,video_real,archived_training,vid_cc3a02a36d7e32d728638c0c201e4394e5a080f7a280dc3dd1e5e604e1178aeb,e569ff44afb44faf296aaf7b72b835d528d1ab9e5986b3ab0569bdc24e463dab
train_vid_real_vid_0c8b000a438aa37c611792450771d2686162b4dda7f3d29e579ab02439f543d3_face_000006_005,E:\archive_investigation_scratch_task\extracted_samples\Preapred Dataset\train\real\vid_0c8b000a438aa37c611792450771d2686162b4dda7f3d29e579ab02439f543d3_face_000006_005.png,0,train,training_diagnostic,video_real,archived_training,vid_0c8b000a438aa37c611792450771d2686162b4dda7f3d29e579ab02439f543d3,d53f83239c57a035ad78d8251c5462b469e4be0c639149ea274002039fa23927
train_vid_fake_vid_310b9ade785759640674d10050994b39dc60e673a5d3aace2e49e7d82f76e568_face_000000_001,E:\archive_investigation_scratch_task\extracted_samples\Preapred Dataset\train\fake\vid_310b9ade785759640674d10050994b39dc60e673a5d3aace2e49e7d82f76e568_face_000000_001.png,1,train,training_diagnostic,video_fake,archived_training,vid_310b9ade785759640674d10050994b39dc60e673a5d3aace2e49e7d82f76e568,3b77a43dc55eaa30207764cf4496c09222bfbc292fd6229277295b1c0ed31689
train_vid_fake_vid_6d646e1a900ba0d784c71c26e4946f8817b716299f9663cd39ae360039c8e17d_face_000008_005,E:\archive_investigation_scratch_task\extracted_samples\Preapred Dataset\train\fake\vid_6d646e1a900ba0d784c71c26e4946f8817b716299f9663cd39ae360039c8e17d_face_000008_005.png,1,train,training_diagnostic,video_fake,archived_training,vid_6d646e1a900ba0d784c71c26e4946f8817b716299f9663cd39ae360039c8e17d,106e7576a60911408527bbe4384cc5efac4c88efbc18859afebf629b15b78512
train_vid_fake_vid_1b8f7cf985f25d3031a1762d61cfe292364bf9a2c2e021705e23d62bdae18290_face_000008_005,E:\archive_investigation_scratch_task\extracted_samples\Preapred Dataset\train\fake\vid_1b8f7cf985f25d3031a1762d61cfe292364bf9a2c2e021705e23d62bdae18290_face_000008_005.png,1,train,training_diagnostic,video_fake,archived_training,vid_1b8f7cf985f25d3031a1762d61cfe292364bf9a2c2e021705e23d62bdae18290,dc8a17a92cd42d2e6fb3a720231acc6d3f6f2bf06855b491e548fdf8a2964717
train_vid_fake_vid_672851a6129a4d489523c750552d486f92039d0033a614934af3c7a1a5fe0a85_face_000046_024,E:\archive_investigation_scratch_task\extracted_samples\Preapred Dataset\train\fake\vid_672851a6129a4d489523c750552d486f92039d0033a614934af3c7a1a5fe0a85_face_000046_024.png,1,train,training_diagnostic,video_fake,archived_training,vid_672851a6129a4d489523c750552d486f92039d0033a614934af3c7a1a5fe0a85,06ba4c9a128530587f30f621f2a9340d301966e834f8abe71a2fbf885aa66066
train_vid_fake_vid_e0d0e95dffbe101c6d58c9035a2e6476013c5373ac0fc01e51cae660a1c15a5d_face_000054_028,E:\archive_investigation_scratch_task\extracted_samples\Preapred Dataset\train\fake\vid_e0d0e95dffbe101c6d58c9035a2e6476013c5373ac0fc01e51cae660a1c15a5d_face_000054_028.png,1,train,training_diagnostic,video_fake,archived_training,vid_e0d0e95dffbe101c6d58c9035a2e6476013c5373ac0fc01e51cae660a1c15a5d,101a449b02a5f1f6a36671fc80b5175b24a1e9fa24fe74b7fd69141563449e17
train_vid_fake_vid_f062c6563e8fef314cabe4b45d299b7e3cd2845799e0359a11d68fc5f0b33828_face_000016_009,E:\archive_investigation_scratch_task\extracted_samples\Preapred Dataset\train\fake\vid_f062c6563e8fef314cabe4b45d299b7e3cd2845799e0359a11d68fc5f0b33828_face_000016_009.png,1,train,training_diagnostic,video_fake,archived_training,vid_f062c6563e8fef314cabe4b45d299b7e3cd2845799e0359a11d68fc5f0b33828,3776af44bff82895794d533d5a2f2b75fa133806d1ca186bed4f26b9257c0167
train_vid_fake_vid_a6f8abeb23db6ca82d855a20e3249f9d604e2edddb4a3d1b3693c674be6ec86a_face_000057_022,E:\archive_investigation_scratch_task\extracted_samples\Preapred Dataset\train\fake\vid_a6f8abeb23db6ca82d855a20e3249f9d604e2edddb4a3d1b3693c674be6ec86a_face_000057_022.png,1,train,training_diagnostic,video_fake,archived_training,vid_a6f8abeb23db6ca82d855a20e3249f9d604e2edddb4a3d1b3693c674be6ec86a,0c62921acc19f1e501e587151733ee4ad9616e2c370e1aa112971192d938b6e9
train_vid_fake_vid_433118ead1b3bca63913fe77a73c656c7f68e1a0206f70cf1519ef1832697ef0_face_000020_011,E:\archive_investigation_scratch_task\extracted_samples\Preapred Dataset\train\fake\vid_433118ead1b3bca63913fe77a73c656c7f68e1a0206f70cf1519ef1832697ef0_face_000020_011.png,1,train,training_diagnostic,video_fake,archived_training,vid_433118ead1b3bca63913fe77a73c656c7f68e1a0206f70cf1519ef1832697ef0,1c9507bceee8459fed67c0933b1fd803f07c1a871dabc2329659d7e8eca2b0e3
train_vid_fake_vid_d5a744044c4b60f8d9487d03275b9205b9e92f00af55b475cd7aa8c6571d7f7a_face_000056_024,E:\archive_investigation_scratch_task\extracted_samples\Preapred Dataset\train\fake\vid_d5a744044c4b60f8d9487d03275b9205b9e92f00af55b475cd7aa8c6571d7f7a_face_000056_024.png,1,train,training_diagnostic,video_fake,archived_training,vid_d5a744044c4b60f8d9487d03275b9205b9e92f00af55b475cd7aa8c6571d7f7a,f624aebb81a5623a8390b45489e45709a55cb69e45495b7c90b586c1c6f1ee80
train_vid_fake_vid_0806a00697fe5179db7373bdbb11fdda182a109de80126923821ce91e7225f80_face_000000_001,E:\archive_investigation_scratch_task\extracted_samples\Preapred Dataset\train\fake\vid_0806a00697fe5179db7373bdbb11fdda182a109de80126923821ce91e7225f80_face_000000_001.png,1,train,training_diagnostic,video_fake,archived_training,vid_0806a00697fe5179db7373bdbb11fdda182a109de80126923821ce91e7225f80,72826952396cfcda9f4c7c9c2ad141f8755ef0c14a7868cf504795e72e5dd090
train_vid_fake_vid_bed621dfd82b8984100a156fceef41c212131703d9679b5ee254a12a48cc6233_face_000018_010,E:\archive_investigation_scratch_task\extracted_samples\Preapred Dataset\train\fake\vid_bed621dfd82b8984100a156fceef41c212131703d9679b5ee254a12a48cc6233_face_000018_010.png,1,train,training_diagnostic,video_fake,archived_training,vid_bed621dfd82b8984100a156fceef41c212131703d9679b5ee254a12a48cc6233,83e2f89bac6a1cdb2fc374660c2a35e078d0a988df277c8ae0b444674498f532
train_vid_fake_vid_87148d30ab59f34dd252c00e7d6642fb4a687a4818cf69c7ddbc9fcc94eb846d_face_000020_011,E:\archive_investigation_scratch_task\extracted_samples\Preapred Dataset\train\fake\vid_87148d30ab59f34dd252c00e7d6642fb4a687a4818cf69c7ddbc9fcc94eb846d_face_000020_011.png,1,train,training_diagnostic,video_fake,archived_training,vid_87148d30ab59f34dd252c00e7d6642fb4a687a4818cf69c7ddbc9fcc94eb846d,5296b49a03efc0768fed5c815190b9518eb195bc9e8e7b0d22da7c4f0d9c945e
train_vid_fake_vid_a01f6ad35f0508d89050e0e696020076d1ff35951fb4e428915cf467e372da64_face_000036_019,E:\archive_investigation_scratch_task\extracted_samples\Preapred Dataset\train\fake\vid_a01f6ad35f0508d89050e0e696020076d1ff35951fb4e428915cf467e372da64_face_000036_019.png,1,train,training_diagnostic,video_fake,archived_training,vid_a01f6ad35f0508d89050e0e696020076d1ff35951fb4e428915cf467e372da64,3a656e9e33215e95c4d1a331db00c97329bd45d9cde24378afec2465fdab0dd3
train_vid_fake_vid_23e4dc34e94f4a97921ba03b892a5538d2b5031abac3dd1532158b9251a6bf2b_face_000042_015,E:\archive_investigation_scratch_task\extracted_samples\Preapred Dataset\train\fake\vid_23e4dc34e94f4a97921ba03b892a5538d2b5031abac3dd1532158b9251a6bf2b_face_000042_015.png,1,train,training_diagnostic,video_fake,archived_training,vid_23e4dc34e94f4a97921ba03b892a5538d2b5031abac3dd1532158b9251a6bf2b,e7c6c2489a74880cd285d4eaf492a9d1cec7ce4733c30d3b4fdaed9cbfd34a1f
train_vid_fake_vid_fd2a664831044f9db5c0b91715ebb5bd31797d703f15f3232b3ab447769399a0_face_000014_008,E:\archive_investigation_scratch_task\extracted_samples\Preapred Dataset\train\fake\vid_fd2a664831044f9db5c0b91715ebb5bd31797d703f15f3232b3ab447769399a0_face_000014_008.png,1,train,training_diagnostic,video_fake,archived_training,vid_fd2a664831044f9db5c0b91715ebb5bd31797d703f15f3232b3ab447769399a0,9803d60dd08c49968ad3b897f18b5a9d04d54641ffc1c5c3a87474a703367a96
train_vid_fake_vid_145e4d1a750bf818b1ce374dc571d1d2921c17a5f49f121c361d883266606a9d_face_000004_003,E:\archive_investigation_scratch_task\extracted_samples\Preapred Dataset\train\fake\vid_145e4d1a750bf818b1ce374dc571d1d2921c17a5f49f121c361d883266606a9d_face_000004_003.png,1,train,training_diagnostic,video_fake,archived_training,vid_145e4d1a750bf818b1ce374dc571d1d2921c17a5f49f121c361d883266606a9d,3a55dcfdff51caafe27744e23cda8154fb17b00aae9487956f0a92321ac50201
ext_dev_real_23452,F:\val to be deleted 2\real\23452.png,0,dev,external_development,external_real,external_development,none,78f10b99c7cd95f8b1d64845f4aec145ba7999f0ce229e9ccdd72d0d7c6dd1a7
ext_dev_real_7044,F:\val to be deleted 2\real\7044.png,0,dev,external_development,external_real,external_development,none,e1e1b55b99eef078a75f3b8f37896d0a39cf95df586181597f65e11ee5b81706
ext_dev_real_24764,F:\val to be deleted 2\real\24764.png,0,dev,external_development,external_real,external_development,none,85c33a0411a70b3a4f1a7af6b16d6df70c9b968691c2a72bedb3096104555e67
ext_dev_real_24462,F:\val to be deleted 2\real\24462.png,0,dev,external_development,external_real,external_development,none,a786b838c5290881c2edfffdc755a1afb52f51351bbb2a0f3b1a08a79504046b
ext_dev_real_8073,F:\val to be deleted 2\real\8073.png,0,dev,external_development,external_real,external_development,none,e060173941371c6efb360f42db111a92f13be8c0bac259cb1df07b9c06c73d89
ext_dev_real_7301,F:\val to be deleted 2\real\7301.png,0,dev,external_development,external_real,external_development,none,485ea71e3011c1dc2371851b9629aca3ec95e4287883c297d1eaaf6a1a2ca75a
ext_dev_real_19464,F:\val to be deleted 2\real\19464.png,0,dev,external_development,external_real,external_development,none,049d9658ad5ae9955808adad23587f43a72fbb5d100089d029f9f9b5c32779fd
ext_dev_real_23373,F:\val to be deleted 2\real\23373.png,0,dev,external_development,external_real,external_development,none,7dee7c8a03ba39343abec77b6def8067883a53c2db6703c46e522c89f3a4f69b
ext_dev_real_15647,F:\val to be deleted 2\real\15647.png,0,dev,external_development,external_real,external_development,none,dc6d5e948f01eb4e8cbd6712ddd0d18ae7e06ea28b95ac537901acd54b2fa524
ext_dev_real_28794,F:\val to be deleted 2\real\28794.png,0,dev,external_development,external_real,external_development,none,98a014263bd5782251277667b13d36c12c8231ea112e2c28828cc3f496f3e318
ext_dev_real_12569,F:\val to be deleted 2\real\12569.png,0,dev,external_development,external_real,external_development,none,34faef48ee3cc2c0be0adde671dbb152265a1fd6702144a29fe4e946e5011e59
ext_dev_real_12079,F:\val to be deleted 2\real\12079.png,0,dev,external_development,external_real,external_development,none,15a185b5940887bfa69e4850827ca67dbe59dfa0c7277f887c53e4b5bedcf67d
ext_dev_real_25426,F:\val to be deleted 2\real\25426.png,0,dev,external_development,external_real,external_development,none,0c474014215cfc65089d10893617e1fb72e3028fc0548dc2b56cea8f6f7a67c2
ext_dev_real_16328,F:\val to be deleted 2\real\16328.png,0,dev,external_development,external_real,external_development,none,b72e8fbc28453409eb0f20ee9d1ab993f3bc3834d60a176f3244c15abd9b01d7
ext_dev_real_5682,F:\val to be deleted 2\real\5682.png,0,dev,external_development,external_real,external_development,none,76b824f87e66c45f30074ba05bc5eff9d5df6851a0ddf5df2d83bce6c521845a
ext_dev_real_18006,F:\val to be deleted 2\real\18006.png,0,dev,external_development,external_real,external_development,none,7dc48b6ff13a5fc0f69207aa2d02d62c16b3baa9e1648ff8a2bbfff28485f57f
ext_dev_real_12619,F:\val to be deleted 2\real\12619.png,0,dev,external_development,external_real,external_development,none,cb7e87e89b507ba8d14bf4ee47bef60e5fa3d85d8b04b771feb19e4c965196e9
ext_dev_real_6246,F:\val to be deleted 2\real\6246.png,0,dev,external_development,external_real,external_development,none,519c0346bd70a1f31a257fe291555cca1c095b554090acdd95133b14a2f7f886
ext_dev_real_12680,F:\val to be deleted 2\real\12680.png,0,dev,external_development,external_real,external_development,none,4570f2797c90b4b0bf323cb8d9faa3f7af276e2803711dd53e18a39ee19ef6cc
ext_dev_real_19695,F:\val to be deleted 2\real\19695.png,0,dev,external_development,external_real,external_development,none,e4a5e32aaadf6aa47694137f43fea158663553c2c51a66949f9a82d3acb74a79
ext_dev_real_16787,F:\val to be deleted 2\real\16787.png,0,dev,external_development,external_real,external_development,none,f719f035cb8187c37986f73c0bd5cd92553ffe63df5a122dc3a7f57f0114238e
ext_dev_real_21603,F:\val to be deleted 2\real\21603.png,0,dev,external_development,external_real,external_development,none,608ac6bf73aae16d2639401b25382e2276148476f025423c9450b54971224b28
ext_dev_real_9410,F:\val to be deleted 2\real\9410.png,0,dev,external_development,external_real,external_development,none,b3bf58912a019d5e8c8f5ed96cadedf3a0378fbf885fe2f0761ce770197a7e80
ext_dev_real_8527,F:\val to be deleted 2\real\8527.png,0,dev,external_development,external_real,external_development,none,3e97d9b81cc41d8f87943a4f3901254738a9833fc73071f32579d08071d6d33e
ext_dev_real_15237,F:\val to be deleted 2\real\15237.png,0,dev,external_development,external_real,external_development,none,9204fa65c31525dd3d19ba24fc3270f3009fc61e595794bd474eff2a0f20defc
ext_dev_real_24831,F:\val to be deleted 2\real\24831.png,0,dev,external_development,external_real,external_development,none,ef135b8be7ad72bc5d99ed8ad9ee54fc1330f7ab76254f82974cdfbe8f7f0653
ext_dev_real_1889,F:\val to be deleted 2\real\1889.png,0,dev,external_development,external_real,external_development,none,7bc7c30343ee99964d3189a4d5c0cd2bd3dbf499fedb60c7ade5cb8153c595e3
ext_dev_real_15771,F:\val to be deleted 2\real\15771.png,0,dev,external_development,external_real,external_development,none,b9e899ee5987d47d4c92907636b0513aad1869095c8496965d0dbf20e6f0a342
ext_dev_real_25469,F:\val to be deleted 2\real\25469.png,0,dev,external_development,external_real,external_development,none,e138af18060845f50df280eaedb752b3b65c95751aed339f4b2f716c0648d55f
ext_dev_real_964,F:\val to be deleted 2\real\964.png,0,dev,external_development,external_real,external_development,none,56f6abe93e591ea119bfddad2d5a954c3bf8fc2e5317e3adcf556bfb3513d7e8
ext_dev_real_8923,F:\val to be deleted 2\real\8923.png,0,dev,external_development,external_real,external_development,none,6a94a7614cedba5cef20e9c68b9555b9fa3554a1e3d6e6aa803651a488b70df0
ext_dev_real_16377,F:\val to be deleted 2\real\16377.png,0,dev,external_development,external_real,external_development,none,bf87fe150823d8024c7e897f15c49db44ed07454776e9be82411e9b25e718914
ext_dev_fake_20103,F:\val to be deleted 2\fake\20103.png,1,dev,external_development,external_fake,external_development,none,b3d8260ea0a9522ee7ea87cc0a709dc95d3a5da2faf156b0a815909909ef2337
ext_dev_fake_23293,F:\val to be deleted 2\fake\23293.png,1,dev,external_development,external_fake,external_development,none,74aa6b34be6994180cac21a41ac081d3ef104ecf763016f0313fd74026b647ce
ext_dev_fake_20972,F:\val to be deleted 2\fake\20972.png,1,dev,external_development,external_fake,external_development,none,5982c198792e4d0a14870f9b7c9c103ea1de87a30a767dbc84a656658f0e0320
ext_dev_fake_19068,F:\val to be deleted 2\fake\19068.png,1,dev,external_development,external_fake,external_development,none,45ddca930f5ed1fbcc9e52f259f662d2c5d6491693ed77d8e6741112ef7c3bf1
ext_dev_fake_8799,F:\val to be deleted 2\fake\8799.png,1,dev,external_development,external_fake,external_development,none,aee93c8c856f8c66c548fbe3b93e2d71056591a53f24c36685260eef38fff625
ext_dev_fake_27857,F:\val to be deleted 2\fake\27857.png,1,dev,external_development,external_fake,external_development,none,22ccf749818f6a84d1266b1c5c4a43688439b2441900b381f4012cedadc7191a
ext_dev_fake_3080,F:\val to be deleted 2\fake\3080.png,1,dev,external_development,external_fake,external_development,none,2ace3d4ee8c18751583064bf1310e678275ef1303552f26a9639a63df728529f
ext_dev_fake_2570,F:\val to be deleted 2\fake\2570.png,1,dev,external_development,external_fake,external_development,none,dfe03ee8deeebab7d5dbf6796eb17f819bdca1642c318a226db2b36ba34e5364
ext_dev_fake_17592,F:\val to be deleted 2\fake\17592.png,1,dev,external_development,external_fake,external_development,none,322830a7f15093ab4a9756fa5f424ec11ef001498ea42a41a609f0b6b0ce3deb
ext_dev_fake_29146,F:\val to be deleted 2\fake\29146.png,1,dev,external_development,external_fake,external_development,none,5192e7ed0a6779b10bc2f7d7a1b07bcf3d3d777fdd661c0b42fa0adba213ac87
ext_dev_fake_9601,F:\val to be deleted 2\fake\9601.png,1,dev,external_development,external_fake,external_development,none,6954f79d475e4b0adedb2ad7d059d31759d9493847b1967922147aa85511b260
ext_dev_fake_5590,F:\val to be deleted 2\fake\5590.png,1,dev,external_development,external_fake,external_development,none,2b18b8bc60893164d3fdcf2cb361f3ff01a6f6f5367168b6e6524e8b9ad86d17
ext_dev_fake_6105,F:\val to be deleted 2\fake\6105.png,1,dev,external_development,external_fake,external_development,none,2deea4becf4c5ee6d816846ca1e19d0dcbe756a9f79abe5aa4242e364c046aa3
ext_dev_fake_11847,F:\val to be deleted 2\fake\11847.png,1,dev,external_development,external_fake,external_development,none,b05bfec3ed775849bdee23dfcc44f034ce2ca02fad6e1350ec1798a83cbd3897
ext_dev_fake_7779,F:\val to be deleted 2\fake\7779.png,1,dev,external_development,external_fake,external_development,none,416918792b59dacec4e15fc14ccbecefad8c1e79089acaf4654c0ac0adff0145
ext_dev_fake_11182,F:\val to be deleted 2\fake\11182.png,1,dev,external_development,external_fake,external_development,none,9ad1a104339a3afaba9f1b2ff815e26739dac827716d65ac08a0c116d952968e
ext_dev_fake_6187,F:\val to be deleted 2\fake\6187.png,1,dev,external_development,external_fake,external_development,none,96b580cf4fb813e4a275b0a22892b69f7c84deaf261f1147f2cd6a1ce9df75da
ext_dev_fake_21185,F:\val to be deleted 2\fake\21185.png,1,dev,external_development,external_fake,external_development,none,fb12bd5fe82cf9c129a1dc867c1eda6bdd91d17a891ff1acd9f0f38e94d4b4ea
ext_dev_fake_8991,F:\val to be deleted 2\fake\8991.png,1,dev,external_development,external_fake,external_development,none,adcc7c93c26ec565513fb3560eb0889eb5f42fe14d36d9df37dd4688e213f481
ext_dev_fake_11996,F:\val to be deleted 2\fake\11996.png,1,dev,external_development,external_fake,external_development,none,72c19f5db0873d35c8f9029134dcbe95c546a5470d21a54b4ac2a6c3df979510
ext_dev_fake_16406,F:\val to be deleted 2\fake\16406.png,1,dev,external_development,external_fake,external_development,none,2d638d54b37073c887d211db28d66650350f1b571bb6cdca5d7cc23e4ac9a4af
ext_dev_fake_2737,F:\val to be deleted 2\fake\2737.png,1,dev,external_development,external_fake,external_development,none,e19dca3b48a8e108962b4f924522e9b0009bd6a6da3b23c89f17afd7a1e70050
ext_dev_fake_4117,F:\val to be deleted 2\fake\4117.png,1,dev,external_development,external_fake,external_development,none,e994ca995a1198781692c353c368e2b870b64b02cf0a40246d8a4fce2ed04314
ext_dev_fake_7376,F:\val to be deleted 2\fake\7376.png,1,dev,external_development,external_fake,external_development,none,6d42621abba9d93ee3f961ae980ca19cc78a9e7bf209037558816064bb9d1d4b
ext_dev_fake_24086,F:\val to be deleted 2\fake\24086.png,1,dev,external_development,external_fake,external_development,none,99b51d4776e32e62abb277c71d3ea3f3c3039bec88beb7262218b7c37bd1df0d
ext_dev_fake_4038,F:\val to be deleted 2\fake\4038.png,1,dev,external_development,external_fake,external_development,none,4c0f2f10516d1b1eb7ed800f873b1a434b734f956486fa98fb10168ecde8a124
ext_dev_fake_945,F:\val to be deleted 2\fake\945.png,1,dev,external_development,external_fake,external_development,none,e05e505e6971615c83d24ef153911b319eaa511bb594047c4912782fe34f6c95
ext_dev_fake_14889,F:\val to be deleted 2\fake\14889.png,1,dev,external_development,external_fake,external_development,none,5ab887830e553088fdaf4599f980fc25b1a86c1d146ce0d6bebf3186355183e9
ext_dev_fake_18584,F:\val to be deleted 2\fake\18584.png,1,dev,external_development,external_fake,external_development,none,9d9d9492d76121db60f038cd67d5cab9facaae69034635fa19ce0a9dfb9ade26
ext_dev_fake_1426,F:\val to be deleted 2\fake\1426.png,1,dev,external_development,external_fake,external_development,none,ca09c4286986a6b8fd22face01aab9f25559ebe5d6cbafca1a9cad18b1efe38a
ext_dev_fake_18255,F:\val to be deleted 2\fake\18255.png,1,dev,external_development,external_fake,external_development,none,f75924bf5ac49376d7da87164b66a282c67cb9e722cff7338dc0d52301907b24
ext_dev_fake_7855,F:\val to be deleted 2\fake\7855.png,1,dev,external_development,external_fake,external_development,none,6a2ba14f2e040a0b30865a1b0d8ca142a3be9315bf09c6d3fd48a45e902d1e86
