sample_id,path,label,split,dataset_source,group_id,probability,checkpoint_sha256,logit,eval_precision
54509,F:\val to be deleted 2\real\5056.png,0,external_dev,unknown,unknown,1.0,e598e1b32871f460756118ba6d4a5f1ad3679a3b9727dff1afa04d4d0de96a28,17.337181091308594,fp32
40276,F:\val to be deleted 2\real\19246.png,0,external_dev,unknown,unknown,0.9987288117408752,e598e1b32871f460756118ba6d4a5f1ad3679a3b9727dff1afa04d4d0de96a28,6.666520595550537,fp32
31873,F:\val to be deleted 2\real\11683.png,0,external_dev,unknown,unknown,0.9754784107208252,e598e1b32871f460756118ba6d4a5f1ad3679a3b9727dff1afa04d4d0de96a28,3.6833722591400146,fp32
31643,F:\val to be deleted 2\real\11476.png,0,external_dev,unknown,unknown,0.9999988079071045,e598e1b32871f460756118ba6d4a5f1ad3679a3b9727dff1afa04d4d0de96a28,13.641000747680664,fp32
49142,F:\val to be deleted 2\real\27225.png,0,external_dev,unknown,unknown,0.9993040561676025,e598e1b32871f460756118ba6d4a5f1ad3679a3b9727dff1afa04d4d0de96a28,7.269622325897217,fp32
45623,F:\val to be deleted 2\real\24058.png,0,external_dev,unknown,unknown,0.9999657869338989,e598e1b32871f460756118ba6d4a5f1ad3679a3b9727dff1afa04d4d0de96a28,10.283209800720215,fp32
46477,F:\val to be deleted 2\real\24827.png,0,external_dev,unknown,unknown,0.9664357304573059,e598e1b32871f460756118ba6d4a5f1ad3679a3b9727dff1afa04d4d0de96a28,3.3601529598236084,fp32
57941,F:\val to be deleted 2\real\8145.png,0,external_dev,unknown,unknown,1.0,e598e1b32871f460756118ba6d4a5f1ad3679a3b9727dff1afa04d4d0de96a28,18.626115798950195,fp32
47403,F:\val to be deleted 2\real\25660.png,0,external_dev,unknown,unknown,0.9999990463256836,e598e1b32871f460756118ba6d4a5f1ad3679a3b9727dff1afa04d4d0de96a28,13.806095123291016,fp32
35158,F:\val to be deleted 2\real\1464.png,0,external_dev,unknown,unknown,0.9999988079071045,e598e1b32871f460756118ba6d4a5f1ad3679a3b9727dff1afa04d4d0de96a28,13.684887886047363,fp32
31863,F:\val to be deleted 2\real\11674.png,0,external_dev,unknown,unknown,1.0,e598e1b32871f460756118ba6d4a5f1ad3679a3b9727dff1afa04d4d0de96a28,19.347517013549805,fp32
46640,F:\val to be deleted 2\real\24974.png,0,external_dev,unknown,unknown,0.9999979734420776,e598e1b32871f460756118ba6d4a5f1ad3679a3b9727dff1afa04d4d0de96a28,13.124006271362305,fp32
32625,F:\val to be deleted 2\real\1236.png,0,external_dev,unknown,unknown,0.999987006187439,e598e1b32871f460756118ba6d4a5f1ad3679a3b9727dff1afa04d4d0de96a28,11.249281883239746,fp32
57896,F:\val to be deleted 2\real\8104.png,0,external_dev,unknown,unknown,0.9999992847442627,e598e1b32871f460756118ba6d4a5f1ad3679a3b9727dff1afa04d4d0de96a28,14.218876838684082,fp32
36089,F:\val to be deleted 2\real\15478.png,0,external_dev,unknown,unknown,0.9999996423721313,e598e1b32871f460756118ba6d4a5f1ad3679a3b9727dff1afa04d4d0de96a28,14.913799285888672,fp32
32245,F:\val to be deleted 2\real\12017.png,0,external_dev,unknown,unknown,0.9999998807907104,e598e1b32871f460756118ba6d4a5f1ad3679a3b9727dff1afa04d4d0de96a28,16.061203002929688,fp32
49498,F:\val to be deleted 2\real\27546.png,0,external_dev,unknown,unknown,0.9999997615814209,e598e1b32871f460756118ba6d4a5f1ad3679a3b9727dff1afa04d4d0de96a28,15.232588768005371,fp32
32226,F:\val to be deleted 2\real\1200.png,0,external_dev,unknown,unknown,0.999997615814209,e598e1b32871f460756118ba6d4a5f1ad3679a3b9727dff1afa04d4d0de96a28,12.933051109313965,fp32
52125,F:\val to be deleted 2\real\29910.png,0,external_dev,unknown,unknown,0.9999983310699463,e598e1b32871f460756118ba6d4a5f1ad3679a3b9727dff1afa04d4d0de96a28,13.274330139160156,fp32
58240,F:\val to be deleted 2\real\8414.png,0,external_dev,unknown,unknown,0.9999998807907104,e598e1b32871f460756118ba6d4a5f1ad3679a3b9727dff1afa04d4d0de96a28,16.408489227294922,fp32
37707,F:\val to be deleted 2\real\16934.png,0,external_dev,unknown,unknown,1.0,e598e1b32871f460756118ba6d4a5f1ad3679a3b9727dff1afa04d4d0de96a28,17.941801071166992,fp32
43230,F:\val to be deleted 2\real\21904.png,0,external_dev,unknown,unknown,0.9999990463256836,e598e1b32871f460756118ba6d4a5f1ad3679a3b9727dff1afa04d4d0de96a28,13.831513404846191,fp32
33928,F:\val to be deleted 2\real\13532.png,0,external_dev,unknown,unknown,0.9997784495353699,e598e1b32871f460756118ba6d4a5f1ad3679a3b9727dff1afa04d4d0de96a28,8.414688110351562,fp32
59172,F:\val to be deleted 2\real\9253.png,0,external_dev,unknown,unknown,0.9999967813491821,e598e1b32871f460756118ba6d4a5f1ad3679a3b9727dff1afa04d4d0de96a28,12.642096519470215,fp32
48667,F:\val to be deleted 2\real\26799.png,0,external_dev,unknown,unknown,0.9999724626541138,e598e1b32871f460756118ba6d4a5f1ad3679a3b9727dff1afa04d4d0de96a28,10.501906394958496,fp32
38067,F:\val to be deleted 2\real\17258.png,0,external_dev,unknown,unknown,1.0,e598e1b32871f460756118ba6d4a5f1ad3679a3b9727dff1afa04d4d0de96a28,17.175920486450195,fp32
48970,F:\val to be deleted 2\real\27070.png,0,external_dev,unknown,unknown,0.9996150732040405,e598e1b32871f460756118ba6d4a5f1ad3679a3b9727dff1afa04d4d0de96a28,7.862077236175537,fp32
49481,F:\val to be deleted 2\real\27530.png,0,external_dev,unknown,unknown,0.9999998807907104,e598e1b32871f460756118ba6d4a5f1ad3679a3b9727dff1afa04d4d0de96a28,16.13214683532715,fp32
31302,F:\val to be deleted 2\real\11169.png,0,external_dev,unknown,unknown,1.0,e598e1b32871f460756118ba6d4a5f1ad3679a3b9727dff1afa04d4d0de96a28,18.359378814697266,fp32
50295,F:\val to be deleted 2\real\28263.png,0,external_dev,unknown,unknown,0.9997071623802185,e598e1b32871f460756118ba6d4a5f1ad3679a3b9727dff1afa04d4d0de96a28,8.135693550109863,fp32
32686,F:\val to be deleted 2\real\12414.png,0,external_dev,unknown,unknown,0.9999964237213135,e598e1b32871f460756118ba6d4a5f1ad3679a3b9727dff1afa04d4d0de96a28,12.532382011413574,fp32
43737,F:\val to be deleted 2\real\22360.png,0,external_dev,unknown,unknown,0.9999926090240479,e598e1b32871f460756118ba6d4a5f1ad3679a3b9727dff1afa04d4d0de96a28,11.819084167480469,fp32
51540,F:\val to be deleted 2\real\29384.png,0,external_dev,unknown,unknown,0.9999839067459106,e598e1b32871f460756118ba6d4a5f1ad3679a3b9727dff1afa04d4d0de96a28,11.036355972290039,fp32
49125,F:\val to be deleted 2\real\2721.png,0,external_dev,unknown,unknown,0.9999998807907104,e598e1b32871f460756118ba6d4a5f1ad3679a3b9727dff1afa04d4d0de96a28,16.19516944885254,fp32
48521,F:\val to be deleted 2\real\26667.png,0,external_dev,unknown,unknown,0.9999992847442627,e598e1b32871f460756118ba6d4a5f1ad3679a3b9727dff1afa04d4d0de96a28,14.169275283813477,fp32
47130,F:\val to be deleted 2\real\25414.png,0,external_dev,unknown,unknown,0.9999988079071045,e598e1b32871f460756118ba6d4a5f1ad3679a3b9727dff1afa04d4d0de96a28,13.683854103088379,fp32
40366,F:\val to be deleted 2\real\19327.png,0,external_dev,unknown,unknown,1.0,e598e1b32871f460756118ba6d4a5f1ad3679a3b9727dff1afa04d4d0de96a28,18.009090423583984,fp32
38544,F:\val to be deleted 2\real\17688.png,0,external_dev,unknown,unknown,0.999934196472168,e598e1b32871f460756118ba6d4a5f1ad3679a3b9727dff1afa04d4d0de96a28,9.629253387451172,fp32
36693,F:\val to be deleted 2\real\16020.png,0,external_dev,unknown,unknown,0.9999959468841553,e598e1b32871f460756118ba6d4a5f1ad3679a3b9727dff1afa04d4d0de96a28,12.416626930236816,fp32
51945,F:\val to be deleted 2\real\29749.png,0,external_dev,unknown,unknown,0.9999994039535522,e598e1b32871f460756118ba6d4a5f1ad3679a3b9727dff1afa04d4d0de96a28,14.379534721374512,fp32
53468,F:\val to be deleted 2\real\4119.png,0,external_dev,unknown,unknown,1.0,e598e1b32871f460756118ba6d4a5f1ad3679a3b9727dff1afa04d4d0de96a28,18.18100929260254,fp32
40295,F:\val to be deleted 2\real\19263.png,0,external_dev,unknown,unknown,0.9999997615814209,e598e1b32871f460756118ba6d4a5f1ad3679a3b9727dff1afa04d4d0de96a28,15.450693130493164,fp32
37821,F:\val to be deleted 2\real\17036.png,0,external_dev,unknown,unknown,0.9999994039535522,e598e1b32871f460756118ba6d4a5f1ad3679a3b9727dff1afa04d4d0de96a28,14.268477439880371,fp32
38703,F:\val to be deleted 2\real\17830.png,0,external_dev,unknown,unknown,0.9999994039535522,e598e1b32871f460756118ba6d4a5f1ad3679a3b9727dff1afa04d4d0de96a28,14.358325004577637,fp32
42969,F:\val to be deleted 2\real\2167.png,0,external_dev,unknown,unknown,1.0,e598e1b32871f460756118ba6d4a5f1ad3679a3b9727dff1afa04d4d0de96a28,18.818923950195312,fp32
34288,F:\val to be deleted 2\real\13857.png,0,external_dev,unknown,unknown,0.9994747042655945,e598e1b32871f460756118ba6d4a5f1ad3679a3b9727dff1afa04d4d0de96a28,7.551063060760498,fp32
52009,F:\val to be deleted 2\real\29806.png,0,external_dev,unknown,unknown,0.8211765885353088,e598e1b32871f460756118ba6d4a5f1ad3679a3b9727dff1afa04d4d0de96a28,1.524339199066162,fp32
51151,F:\val to be deleted 2\real\29033.png,0,external_dev,unknown,unknown,0.9995812773704529,e598e1b32871f460756118ba6d4a5f1ad3679a3b9727dff1afa04d4d0de96a28,7.777975082397461,fp32
39830,F:\val to be deleted 2\real\18845.png,0,external_dev,unknown,unknown,0.999950647354126,e598e1b32871f460756118ba6d4a5f1ad3679a3b9727dff1afa04d4d0de96a28,9.917387962341309,fp32
44982,F:\val to be deleted 2\real\23481.png,0,external_dev,unknown,unknown,0.9999995231628418,e598e1b32871f460756118ba6d4a5f1ad3679a3b9727dff1afa04d4d0de96a28,14.559102058410645,fp32
40360,F:\val to be deleted 2\real\19321.png,0,external_dev,unknown,unknown,0.9999986886978149,e598e1b32871f460756118ba6d4a5f1ad3679a3b9727dff1afa04d4d0de96a28,13.543545722961426,fp32
54637,F:\val to be deleted 2\real\5171.png,0,external_dev,unknown,unknown,0.9999997615814209,e598e1b32871f460756118ba6d4a5f1ad3679a3b9727dff1afa04d4d0de96a28,15.123723030090332,fp32
32377,F:\val to be deleted 2\real\12136.png,0,external_dev,unknown,unknown,0.9999998807907104,e598e1b32871f460756118ba6d4a5f1ad3679a3b9727dff1afa04d4d0de96a28,15.903735160827637,fp32
30305,F:\val to be deleted 2\real\10271.png,0,external_dev,unknown,unknown,1.0,e598e1b32871f460756118ba6d4a5f1ad3679a3b9727dff1afa04d4d0de96a28,20.602466583251953,fp32
45017,F:\val to be deleted 2\real\23512.png,0,external_dev,unknown,unknown,0.9999204874038696,e598e1b32871f460756118ba6d4a5f1ad3679a3b9727dff1afa04d4d0de96a28,9.439274787902832,fp32
50354,F:\val to be deleted 2\real\28316.png,0,external_dev,unknown,unknown,0.9999939203262329,e598e1b32871f460756118ba6d4a5f1ad3679a3b9727dff1afa04d4d0de96a28,12.011963844299316,fp32
48448,F:\val to be deleted 2\real\26600.png,0,external_dev,unknown,unknown,0.9996071457862854,e598e1b32871f460756118ba6d4a5f1ad3679a3b9727dff1afa04d4d0de96a28,7.841632843017578,fp32
33276,F:\val to be deleted 2\real\12946.png,0,external_dev,unknown,unknown,0.9999996423721313,e598e1b32871f460756118ba6d4a5f1ad3679a3b9727dff1afa04d4d0de96a28,14.953657150268555,fp32
32400,F:\val to be deleted 2\real\12157.png,0,external_dev,unknown,unknown,0.9999991655349731,e598e1b32871f460756118ba6d4a5f1ad3679a3b9727dff1afa04d4d0de96a28,13.93542766571045,fp32
47617,F:\val to be deleted 2\real\25853.png,0,external_dev,unknown,unknown,0.9996963739395142,e598e1b32871f460756118ba6d4a5f1ad3679a3b9727dff1afa04d4d0de96a28,8.099360466003418,fp32
36984,F:\val to be deleted 2\real\16283.png,0,external_dev,unknown,unknown,0.9999380111694336,e598e1b32871f460756118ba6d4a5f1ad3679a3b9727dff1afa04d4d0de96a28,9.688582420349121,fp32
46576,F:\val to be deleted 2\real\24916.png,0,external_dev,unknown,unknown,0.9999715089797974,e598e1b32871f460756118ba6d4a5f1ad3679a3b9727dff1afa04d4d0de96a28,10.466935157775879,fp32
38690,F:\val to be deleted 2\real\17819.png,0,external_dev,unknown,unknown,0.9999771118164062,e598e1b32871f460756118ba6d4a5f1ad3679a3b9727dff1afa04d4d0de96a28,10.687085151672363,fp32
34340,F:\val to be deleted 2\real\13903.png,0,external_dev,unknown,unknown,0.9999998807907104,e598e1b32871f460756118ba6d4a5f1ad3679a3b9727dff1afa04d4d0de96a28,16.11084747314453,fp32
41436,F:\val to be deleted 2\real\2029.png,0,external_dev,unknown,unknown,1.0,e598e1b32871f460756118ba6d4a5f1ad3679a3b9727dff1afa04d4d0de96a28,18.013900756835938,fp32
58864,F:\val to be deleted 2\real\8977.png,0,external_dev,unknown,unknown,0.9999996423721313,e598e1b32871f460756118ba6d4a5f1ad3679a3b9727dff1afa04d4d0de96a28,14.942899703979492,fp32
32254,F:\val to be deleted 2\real\12025.png,0,external_dev,unknown,unknown,0.9987461566925049,e598e1b32871f460756118ba6d4a5f1ad3679a3b9727dff1afa04d4d0de96a28,6.680332660675049,fp32
58811,F:\val to be deleted 2\real\8929.png,0,external_dev,unknown,unknown,0.9999997615814209,e598e1b32871f460756118ba6d4a5f1ad3679a3b9727dff1afa04d4d0de96a28,15.364877700805664,fp32
38004,F:\val to be deleted 2\real\17200.png,0,external_dev,unknown,unknown,0.9999997615814209,e598e1b32871f460756118ba6d4a5f1ad3679a3b9727dff1afa04d4d0de96a28,15.440888404846191,fp32
42108,F:\val to be deleted 2\real\20895.png,0,external_dev,unknown,unknown,1.0,e598e1b32871f460756118ba6d4a5f1ad3679a3b9727dff1afa04d4d0de96a28,16.94394302368164,fp32
39338,F:\val to be deleted 2\real\18401.png,0,external_dev,unknown,unknown,0.9999573230743408,e598e1b32871f460756118ba6d4a5f1ad3679a3b9727dff1afa04d4d0de96a28,10.061469078063965,fp32
35169,F:\val to be deleted 2\real\1465.png,0,external_dev,unknown,unknown,1.0,e598e1b32871f460756118ba6d4a5f1ad3679a3b9727dff1afa04d4d0de96a28,21.82439613342285,fp32
44358,F:\val to be deleted 2\real\2292.png,0,external_dev,unknown,unknown,0.9999725818634033,e598e1b32871f460756118ba6d4a5f1ad3679a3b9727dff1afa04d4d0de96a28,10.504204750061035,fp32
57320,F:\val to be deleted 2\real\7587.png,0,external_dev,unknown,unknown,0.999998927116394,e598e1b32871f460756118ba6d4a5f1ad3679a3b9727dff1afa04d4d0de96a28,13.712885856628418,fp32
47800,F:\val to be deleted 2\real\26017.png,0,external_dev,unknown,unknown,0.9999995231628418,e598e1b32871f460756118ba6d4a5f1ad3679a3b9727dff1afa04d4d0de96a28,14.585415840148926,fp32
53053,F:\val to be deleted 2\real\3746.png,0,external_dev,unknown,unknown,0.9999908208847046,e598e1b32871f460756118ba6d4a5f1ad3679a3b9727dff1afa04d4d0de96a28,11.60099983215332,fp32
39912,F:\val to be deleted 2\real\18919.png,0,external_dev,unknown,unknown,0.999975323677063,e598e1b32871f460756118ba6d4a5f1ad3679a3b9727dff1afa04d4d0de96a28,10.607561111450195,fp32
50043,F:\val to be deleted 2\real\28036.png,0,external_dev,unknown,unknown,0.998921275138855,e598e1b32871f460756118ba6d4a5f1ad3679a3b9727dff1afa04d4d0de96a28,6.8308281898498535,fp32
56447,F:\val to be deleted 2\real\6800.png,0,external_dev,unknown,unknown,0.9999997615814209,e598e1b32871f460756118ba6d4a5f1ad3679a3b9727dff1afa04d4d0de96a28,15.35722827911377,fp32
51429,F:\val to be deleted 2\real\29284.png,0,external_dev,unknown,unknown,0.9978164434432983,e598e1b32871f460756118ba6d4a5f1ad3679a3b9727dff1afa04d4d0de96a28,6.124608516693115,fp32
47332,F:\val to be deleted 2\real\25597.png,0,external_dev,unknown,unknown,0.999792754650116,e598e1b32871f460756118ba6d4a5f1ad3679a3b9727dff1afa04d4d0de96a28,8.481242179870605,fp32
30256,F:\val to be deleted 2\real\10227.png,0,external_dev,unknown,unknown,0.9999858140945435,e598e1b32871f460756118ba6d4a5f1ad3679a3b9727dff1afa04d4d0de96a28,11.165105819702148,fp32
51884,F:\val to be deleted 2\real\29694.png,0,external_dev,unknown,unknown,0.9997453093528748,e598e1b32871f460756118ba6d4a5f1ad3679a3b9727dff1afa04d4d0de96a28,8.275293350219727,fp32
56774,F:\val to be deleted 2\real\7095.png,0,external_dev,unknown,unknown,1.0,e598e1b32871f460756118ba6d4a5f1ad3679a3b9727dff1afa04d4d0de96a28,16.968385696411133,fp32
48173,F:\val to be deleted 2\real\26353.png,0,external_dev,unknown,unknown,0.9999974966049194,e598e1b32871f460756118ba6d4a5f1ad3679a3b9727dff1afa04d4d0de96a28,12.919353485107422,fp32
39810,F:\val to be deleted 2\real\18827.png,0,external_dev,unknown,unknown,0.9999961853027344,e598e1b32871f460756118ba6d4a5f1ad3679a3b9727dff1afa04d4d0de96a28,12.46159553527832,fp32
51737,F:\val to be deleted 2\real\29561.png,0,external_dev,unknown,unknown,0.9999954700469971,e598e1b32871f460756118ba6d4a5f1ad3679a3b9727dff1afa04d4d0de96a28,12.294679641723633,fp32
33394,F:\val to be deleted 2\real\13051.png,0,external_dev,unknown,unknown,0.9999998807907104,e598e1b32871f460756118ba6d4a5f1ad3679a3b9727dff1afa04d4d0de96a28,16.21630859375,fp32
58774,F:\val to be deleted 2\real\8896.png,0,external_dev,unknown,unknown,0.9999996423721313,e598e1b32871f460756118ba6d4a5f1ad3679a3b9727dff1afa04d4d0de96a28,14.696422576904297,fp32
34400,F:\val to be deleted 2\real\13958.png,0,external_dev,unknown,unknown,0.999975323677063,e598e1b32871f460756118ba6d4a5f1ad3679a3b9727dff1afa04d4d0de96a28,10.611109733581543,fp32
38666,F:\val to be deleted 2\real\17798.png,0,external_dev,unknown,unknown,0.9999809265136719,e598e1b32871f460756118ba6d4a5f1ad3679a3b9727dff1afa04d4d0de96a28,10.869826316833496,fp32
33782,F:\val to be deleted 2\real\13400.png,0,external_dev,unknown,unknown,0.9999963045120239,e598e1b32871f460756118ba6d4a5f1ad3679a3b9727dff1afa04d4d0de96a28,12.51270580291748,fp32
59154,F:\val to be deleted 2\real\9237.png,0,external_dev,unknown,unknown,0.6302962899208069,e598e1b32871f460756118ba6d4a5f1ad3679a3b9727dff1afa04d4d0de96a28,0.5334879159927368,fp32
33507,F:\val to be deleted 2\real\13153.png,0,external_dev,unknown,unknown,0.9999337196350098,e598e1b32871f460756118ba6d4a5f1ad3679a3b9727dff1afa04d4d0de96a28,9.622010231018066,fp32
54327,F:\val to be deleted 2\real\4893.png,0,external_dev,unknown,unknown,0.9999996423721313,e598e1b32871f460756118ba6d4a5f1ad3679a3b9727dff1afa04d4d0de96a28,14.892266273498535,fp32
48128,F:\val to be deleted 2\real\26312.png,0,external_dev,unknown,unknown,0.9997569918632507,e598e1b32871f460756118ba6d4a5f1ad3679a3b9727dff1afa04d4d0de96a28,8.322274208068848,fp32
35093,F:\val to be deleted 2\real\14581.png,0,external_dev,unknown,unknown,1.0,e598e1b32871f460756118ba6d4a5f1ad3679a3b9727dff1afa04d4d0de96a28,17.035076141357422,fp32
38924,F:\val to be deleted 2\real\18029.png,0,external_dev,unknown,unknown,0.9999810457229614,e598e1b32871f460756118ba6d4a5f1ad3679a3b9727dff1afa04d4d0de96a28,10.872252464294434,fp32
39232,F:\val to be deleted 2\real\18306.png,0,external_dev,unknown,unknown,0.9999986886978149,e598e1b32871f460756118ba6d4a5f1ad3679a3b9727dff1afa04d4d0de96a28,13.550094604492188,fp32
49819,F:\val to be deleted 2\real\27835.png,0,external_dev,unknown,unknown,0.984916627407074,e598e1b32871f460756118ba6d4a5f1ad3679a3b9727dff1afa04d4d0de96a28,4.178961753845215,fp32
36901,F:\val to be deleted 2\real\16208.png,0,external_dev,unknown,unknown,0.986100971698761,e598e1b32871f460756118ba6d4a5f1ad3679a3b9727dff1afa04d4d0de96a28,4.261938571929932,fp32
53514,F:\val to be deleted 2\real\4160.png,0,external_dev,unknown,unknown,1.0,e598e1b32871f460756118ba6d4a5f1ad3679a3b9727dff1afa04d4d0de96a28,19.118484497070312,fp32
41235,F:\val to be deleted 2\real\20108.png,0,external_dev,unknown,unknown,0.9999600648880005,e598e1b32871f460756118ba6d4a5f1ad3679a3b9727dff1afa04d4d0de96a28,10.127307891845703,fp32
36671,F:\val to be deleted 2\real\16000.png,0,external_dev,unknown,unknown,0.9999936819076538,e598e1b32871f460756118ba6d4a5f1ad3679a3b9727dff1afa04d4d0de96a28,11.963690757751465,fp32
52527,F:\val to be deleted 2\real\3272.png,0,external_dev,unknown,unknown,1.0,e598e1b32871f460756118ba6d4a5f1ad3679a3b9727dff1afa04d4d0de96a28,19.271860122680664,fp32
50782,F:\val to be deleted 2\real\28701.png,0,external_dev,unknown,unknown,0.9999744892120361,e598e1b32871f460756118ba6d4a5f1ad3679a3b9727dff1afa04d4d0de96a28,10.575148582458496,fp32
57948,F:\val to be deleted 2\real\8151.png,0,external_dev,unknown,unknown,0.9999998807907104,e598e1b32871f460756118ba6d4a5f1ad3679a3b9727dff1afa04d4d0de96a28,16.57030487060547,fp32
38650,F:\val to be deleted 2\real\17783.png,0,external_dev,unknown,unknown,0.9999529123306274,e598e1b32871f460756118ba6d4a5f1ad3679a3b9727dff1afa04d4d0de96a28,9.96329116821289,fp32
46561,F:\val to be deleted 2\real\24902.png,0,external_dev,unknown,unknown,0.9984011054039001,e598e1b32871f460756118ba6d4a5f1ad3679a3b9727dff1afa04d4d0de96a28,6.436859607696533,fp32
46008,F:\val to be deleted 2\real\24404.png,0,external_dev,unknown,unknown,0.9999982118606567,e598e1b32871f460756118ba6d4a5f1ad3679a3b9727dff1afa04d4d0de96a28,13.221845626831055,fp32
38228,F:\val to be deleted 2\real\17402.png,0,external_dev,unknown,unknown,0.9999316930770874,e598e1b32871f460756118ba6d4a5f1ad3679a3b9727dff1afa04d4d0de96a28,9.591557502746582,fp32
59666,F:\val to be deleted 2\real\9699.png,0,external_dev,unknown,unknown,1.0,e598e1b32871f460756118ba6d4a5f1ad3679a3b9727dff1afa04d4d0de96a28,17.16385841369629,fp32
59758,F:\val to be deleted 2\real\9781.png,0,external_dev,unknown,unknown,0.9999927282333374,e598e1b32871f460756118ba6d4a5f1ad3679a3b9727dff1afa04d4d0de96a28,11.825872421264648,fp32
57725,F:\val to be deleted 2\real\7951.png,0,external_dev,unknown,unknown,0.9999996423721313,e598e1b32871f460756118ba6d4a5f1ad3679a3b9727dff1afa04d4d0de96a28,14.913601875305176,fp32
31664,F:\val to be deleted 2\real\11495.png,0,external_dev,unknown,unknown,0.9999998807907104,e598e1b32871f460756118ba6d4a5f1ad3679a3b9727dff1afa04d4d0de96a28,15.984038352966309,fp32
33024,F:\val to be deleted 2\real\12719.png,0,external_dev,unknown,unknown,1.0,e598e1b32871f460756118ba6d4a5f1ad3679a3b9727dff1afa04d4d0de96a28,18.582473754882812,fp32
50784,F:\val to be deleted 2\real\28703.png,0,external_dev,unknown,unknown,0.9991338849067688,e598e1b32871f460756118ba6d4a5f1ad3679a3b9727dff1afa04d4d0de96a28,7.05061674118042,fp32
43879,F:\val to be deleted 2\real\22489.png,0,external_dev,unknown,unknown,0.9999945163726807,e598e1b32871f460756118ba6d4a5f1ad3679a3b9727dff1afa04d4d0de96a28,12.120892524719238,fp32
57176,F:\val to be deleted 2\real\7457.png,0,external_dev,unknown,unknown,0.9999994039535522,e598e1b32871f460756118ba6d4a5f1ad3679a3b9727dff1afa04d4d0de96a28,14.339812278747559,fp32
39066,F:\val to be deleted 2\real\18157.png,0,external_dev,unknown,unknown,0.9999997615814209,e598e1b32871f460756118ba6d4a5f1ad3679a3b9727dff1afa04d4d0de96a28,15.453509330749512,fp32
31444,F:\val to be deleted 2\real\11297.png,0,external_dev,unknown,unknown,0.9984411597251892,e598e1b32871f460756118ba6d4a5f1ad3679a3b9727dff1afa04d4d0de96a28,6.462244510650635,fp32
30116,F:\val to be deleted 2\real\10100.png,0,external_dev,unknown,unknown,0.9999992847442627,e598e1b32871f460756118ba6d4a5f1ad3679a3b9727dff1afa04d4d0de96a28,14.138894081115723,fp32
40929,F:\val to be deleted 2\real\19834.png,0,external_dev,unknown,unknown,1.0,e598e1b32871f460756118ba6d4a5f1ad3679a3b9727dff1afa04d4d0de96a28,17.173303604125977,fp32
55268,F:\val to be deleted 2\real\574.png,0,external_dev,unknown,unknown,1.0,e598e1b32871f460756118ba6d4a5f1ad3679a3b9727dff1afa04d4d0de96a28,18.23174476623535,fp32
34286,F:\val to be deleted 2\real\13855.png,0,external_dev,unknown,unknown,0.999996542930603,e598e1b32871f460756118ba6d4a5f1ad3679a3b9727dff1afa04d4d0de96a28,12.574346542358398,fp32
50876,F:\val to be deleted 2\real\28787.png,0,external_dev,unknown,unknown,0.9996912479400635,e598e1b32871f460756118ba6d4a5f1ad3679a3b9727dff1afa04d4d0de96a28,8.082633018493652,fp32
38583,F:\val to be deleted 2\real\17722.png,0,external_dev,unknown,unknown,0.9999998807907104,e598e1b32871f460756118ba6d4a5f1ad3679a3b9727dff1afa04d4d0de96a28,16.17172622680664,fp32
35294,F:\val to be deleted 2\real\14762.png,0,external_dev,unknown,unknown,0.9999843835830688,e598e1b32871f460756118ba6d4a5f1ad3679a3b9727dff1afa04d4d0de96a28,11.066210746765137,fp32
24288,F:\val to be deleted 2\fake\4858.png,1,external_dev,unknown,unknown,0.9999998807907104,e598e1b32871f460756118ba6d4a5f1ad3679a3b9727dff1afa04d4d0de96a28,15.919451713562012,fp32
14478,F:\val to be deleted 2\fake\23027.png,1,external_dev,unknown,unknown,1.0,e598e1b32871f460756118ba6d4a5f1ad3679a3b9727dff1afa04d4d0de96a28,18.699886322021484,fp32
18077,F:\val to be deleted 2\fake\26267.png,1,external_dev,unknown,unknown,0.9999996423721313,e598e1b32871f460756118ba6d4a5f1ad3679a3b9727dff1afa04d4d0de96a28,14.9432373046875,fp32
23123,F:\val to be deleted 2\fake\3809.png,1,external_dev,unknown,unknown,0.9999948740005493,e598e1b32871f460756118ba6d4a5f1ad3679a3b9727dff1afa04d4d0de96a28,12.186671257019043,fp32
14014,F:\val to be deleted 2\fake\2261.png,1,external_dev,unknown,unknown,0.9999710321426392,e598e1b32871f460756118ba6d4a5f1ad3679a3b9727dff1afa04d4d0de96a28,10.447604179382324,fp32
18379,F:\val to be deleted 2\fake\26539.png,1,external_dev,unknown,unknown,1.0,e598e1b32871f460756118ba6d4a5f1ad3679a3b9727dff1afa04d4d0de96a28,17.961950302124023,fp32
316,F:\val to be deleted 2\fake\10281.png,1,external_dev,unknown,unknown,1.0,e598e1b32871f460756118ba6d4a5f1ad3679a3b9727dff1afa04d4d0de96a28,17.18578338623047,fp32
3665,F:\val to be deleted 2\fake\13296.png,1,external_dev,unknown,unknown,0.9999998807907104,e598e1b32871f460756118ba6d4a5f1ad3679a3b9727dff1afa04d4d0de96a28,15.932211875915527,fp32
2465,F:\val to be deleted 2\fake\12215.png,1,external_dev,unknown,unknown,0.9999998807907104,e598e1b32871f460756118ba6d4a5f1ad3679a3b9727dff1afa04d4d0de96a28,15.545768737792969,fp32
28937,F:\val to be deleted 2\fake\9041.png,1,external_dev,unknown,unknown,1.0,e598e1b32871f460756118ba6d4a5f1ad3679a3b9727dff1afa04d4d0de96a28,17.512107849121094,fp32
22643,F:\val to be deleted 2\fake\3377.png,1,external_dev,unknown,unknown,0.9999992847442627,e598e1b32871f460756118ba6d4a5f1ad3679a3b9727dff1afa04d4d0de96a28,14.148760795593262,fp32
29619,F:\val to be deleted 2\fake\9656.png,1,external_dev,unknown,unknown,1.0,e598e1b32871f460756118ba6d4a5f1ad3679a3b9727dff1afa04d4d0de96a28,19.95779037475586,fp32
4884,F:\val to be deleted 2\fake\14393.png,1,external_dev,unknown,unknown,1.0,e598e1b32871f460756118ba6d4a5f1ad3679a3b9727dff1afa04d4d0de96a28,21.09769058227539,fp32
17877,F:\val to be deleted 2\fake\26087.png,1,external_dev,unknown,unknown,0.9999977350234985,e598e1b32871f460756118ba6d4a5f1ad3679a3b9727dff1afa04d4d0de96a28,12.981718063354492,fp32
1180,F:\val to be deleted 2\fake\11059.png,1,external_dev,unknown,unknown,1.0,e598e1b32871f460756118ba6d4a5f1ad3679a3b9727dff1afa04d4d0de96a28,22.757230758666992,fp32
27348,F:\val to be deleted 2\fake\7611.png,1,external_dev,unknown,unknown,1.0,e598e1b32871f460756118ba6d4a5f1ad3679a3b9727dff1afa04d4d0de96a28,17.58794403076172,fp32
12098,F:\val to be deleted 2\fake\20886.png,1,external_dev,unknown,unknown,1.0,e598e1b32871f460756118ba6d4a5f1ad3679a3b9727dff1afa04d4d0de96a28,16.64388084411621,fp32
19087,F:\val to be deleted 2\fake\27176.png,1,external_dev,unknown,unknown,0.9989039897918701,e598e1b32871f460756118ba6d4a5f1ad3679a3b9727dff1afa04d4d0de96a28,6.815039157867432,fp32
18105,F:\val to be deleted 2\fake\26292.png,1,external_dev,unknown,unknown,1.0,e598e1b32871f460756118ba6d4a5f1ad3679a3b9727dff1afa04d4d0de96a28,18.931058883666992,fp32
4852,F:\val to be deleted 2\fake\14364.png,1,external_dev,unknown,unknown,0.9999886751174927,e598e1b32871f460756118ba6d4a5f1ad3679a3b9727dff1afa04d4d0de96a28,11.390278816223145,fp32
14083,F:\val to be deleted 2\fake\22672.png,1,external_dev,unknown,unknown,1.0,e598e1b32871f460756118ba6d4a5f1ad3679a3b9727dff1afa04d4d0de96a28,17.112117767333984,fp32
4176,F:\val to be deleted 2\fake\13756.png,1,external_dev,unknown,unknown,1.0,e598e1b32871f460756118ba6d4a5f1ad3679a3b9727dff1afa04d4d0de96a28,20.443572998046875,fp32
1370,F:\val to be deleted 2\fake\1123.png,1,external_dev,unknown,unknown,1.0,e598e1b32871f460756118ba6d4a5f1ad3679a3b9727dff1afa04d4d0de96a28,17.101131439208984,fp32
10101,F:\val to be deleted 2\fake\19089.png,1,external_dev,unknown,unknown,0.9999995231628418,e598e1b32871f460756118ba6d4a5f1ad3679a3b9727dff1afa04d4d0de96a28,14.61185073852539,fp32
11948,F:\val to be deleted 2\fake\20750.png,1,external_dev,unknown,unknown,0.9999963045120239,e598e1b32871f460756118ba6d4a5f1ad3679a3b9727dff1afa04d4d0de96a28,12.496170997619629,fp32
29457,F:\val to be deleted 2\fake\951.png,1,external_dev,unknown,unknown,0.9999986886978149,e598e1b32871f460756118ba6d4a5f1ad3679a3b9727dff1afa04d4d0de96a28,13.588034629821777,fp32
26087,F:\val to be deleted 2\fake\6477.png,1,external_dev,unknown,unknown,0.9999998807907104,e598e1b32871f460756118ba6d4a5f1ad3679a3b9727dff1afa04d4d0de96a28,15.555922508239746,fp32
28203,F:\val to be deleted 2\fake\8381.png,1,external_dev,unknown,unknown,0.9997326731681824,e598e1b32871f460756118ba6d4a5f1ad3679a3b9727dff1afa04d4d0de96a28,8.226676940917969,fp32
1307,F:\val to be deleted 2\fake\11173.png,1,external_dev,unknown,unknown,0.9999995231628418,e598e1b32871f460756118ba6d4a5f1ad3679a3b9727dff1afa04d4d0de96a28,14.56949234008789,fp32
29455,F:\val to be deleted 2\fake\9508.png,1,external_dev,unknown,unknown,1.0,e598e1b32871f460756118ba6d4a5f1ad3679a3b9727dff1afa04d4d0de96a28,19.32355499267578,fp32
11724,F:\val to be deleted 2\fake\20549.png,1,external_dev,unknown,unknown,1.0,e598e1b32871f460756118ba6d4a5f1ad3679a3b9727dff1afa04d4d0de96a28,19.870195388793945,fp32
6883,F:\val to be deleted 2\fake\16192.png,1,external_dev,unknown,unknown,0.9999997615814209,e598e1b32871f460756118ba6d4a5f1ad3679a3b9727dff1afa04d4d0de96a28,15.170722961425781,fp32
22349,F:\val to be deleted 2\fake\3111.png,1,external_dev,unknown,unknown,1.0,e598e1b32871f460756118ba6d4a5f1ad3679a3b9727dff1afa04d4d0de96a28,20.713533401489258,fp32
8176,F:\val to be deleted 2\fake\17356.png,1,external_dev,unknown,unknown,0.9999998807907104,e598e1b32871f460756118ba6d4a5f1ad3679a3b9727dff1afa04d4d0de96a28,16.209991455078125,fp32
21854,F:\val to be deleted 2\fake\29667.png,1,external_dev,unknown,unknown,0.9999986886978149,e598e1b32871f460756118ba6d4a5f1ad3679a3b9727dff1afa04d4d0de96a28,13.550477027893066,fp32
3368,F:\val to be deleted 2\fake\13028.png,1,external_dev,unknown,unknown,1.0,e598e1b32871f460756118ba6d4a5f1ad3679a3b9727dff1afa04d4d0de96a28,17.57278060913086,fp32
11589,F:\val to be deleted 2\fake\20427.png,1,external_dev,unknown,unknown,1.0,e598e1b32871f460756118ba6d4a5f1ad3679a3b9727dff1afa04d4d0de96a28,19.153879165649414,fp32
25562,F:\val to be deleted 2\fake\6003.png,1,external_dev,unknown,unknown,0.9999998807907104,e598e1b32871f460756118ba6d4a5f1ad3679a3b9727dff1afa04d4d0de96a28,16.27674102783203,fp32
18346,F:\val to be deleted 2\fake\26509.png,1,external_dev,unknown,unknown,0.9999998807907104,e598e1b32871f460756118ba6d4a5f1ad3679a3b9727dff1afa04d4d0de96a28,15.807846069335938,fp32
28971,F:\val to be deleted 2\fake\9072.png,1,external_dev,unknown,unknown,1.0,e598e1b32871f460756118ba6d4a5f1ad3679a3b9727dff1afa04d4d0de96a28,20.38092803955078,fp32
28662,F:\val to be deleted 2\fake\8795.png,1,external_dev,unknown,unknown,0.9999998807907104,e598e1b32871f460756118ba6d4a5f1ad3679a3b9727dff1afa04d4d0de96a28,15.68929386138916,fp32
13316,F:\val to be deleted 2\fake\21982.png,1,external_dev,unknown,unknown,1.0,e598e1b32871f460756118ba6d4a5f1ad3679a3b9727dff1afa04d4d0de96a28,17.630563735961914,fp32
20337,F:\val to be deleted 2\fake\28300.png,1,external_dev,unknown,unknown,1.0,e598e1b32871f460756118ba6d4a5f1ad3679a3b9727dff1afa04d4d0de96a28,20.65300750732422,fp32
24558,F:\val to be deleted 2\fake\510.png,1,external_dev,unknown,unknown,0.9999998807907104,e598e1b32871f460756118ba6d4a5f1ad3679a3b9727dff1afa04d4d0de96a28,15.81001091003418,fp32
5064,F:\val to be deleted 2\fake\14555.png,1,external_dev,unknown,unknown,1.0,e598e1b32871f460756118ba6d4a5f1ad3679a3b9727dff1afa04d4d0de96a28,19.48076629638672,fp32
7757,F:\val to be deleted 2\fake\1698.png,1,external_dev,unknown,unknown,1.0,e598e1b32871f460756118ba6d4a5f1ad3679a3b9727dff1afa04d4d0de96a28,18.089439392089844,fp32
28331,F:\val to be deleted 2\fake\8497.png,1,external_dev,unknown,unknown,0.9999998807907104,e598e1b32871f460756118ba6d4a5f1ad3679a3b9727dff1afa04d4d0de96a28,15.693087577819824,fp32
5324,F:\val to be deleted 2\fake\1479.png,1,external_dev,unknown,unknown,0.9999527931213379,e598e1b32871f460756118ba6d4a5f1ad3679a3b9727dff1afa04d4d0de96a28,9.96100902557373,fp32
26210,F:\val to be deleted 2\fake\6588.png,1,external_dev,unknown,unknown,1.0,e598e1b32871f460756118ba6d4a5f1ad3679a3b9727dff1afa04d4d0de96a28,19.714141845703125,fp32
26567,F:\val to be deleted 2\fake\6909.png,1,external_dev,unknown,unknown,1.0,e598e1b32871f460756118ba6d4a5f1ad3679a3b9727dff1afa04d4d0de96a28,17.037311553955078,fp32
5801,F:\val to be deleted 2\fake\15218.png,1,external_dev,unknown,unknown,0.9999271631240845,e598e1b32871f460756118ba6d4a5f1ad3679a3b9727dff1afa04d4d0de96a28,9.527844429016113,fp32
28882,F:\val to be deleted 2\fake\8993.png,1,external_dev,unknown,unknown,0.9999991655349731,e598e1b32871f460756118ba6d4a5f1ad3679a3b9727dff1afa04d4d0de96a28,14.051583290100098,fp32
13510,F:\val to be deleted 2\fake\22156.png,1,external_dev,unknown,unknown,1.0,e598e1b32871f460756118ba6d4a5f1ad3679a3b9727dff1afa04d4d0de96a28,18.2584228515625,fp32
812,F:\val to be deleted 2\fake\10728.png,1,external_dev,unknown,unknown,1.0,e598e1b32871f460756118ba6d4a5f1ad3679a3b9727dff1afa04d4d0de96a28,20.111801147460938,fp32
5877,F:\val to be deleted 2\fake\15287.png,1,external_dev,unknown,unknown,0.9999997615814209,e598e1b32871f460756118ba6d4a5f1ad3679a3b9727dff1afa04d4d0de96a28,15.122981071472168,fp32
24135,F:\val to be deleted 2\fake\472.png,1,external_dev,unknown,unknown,1.0,e598e1b32871f460756118ba6d4a5f1ad3679a3b9727dff1afa04d4d0de96a28,16.932544708251953,fp32
10885,F:\val to be deleted 2\fake\19795.png,1,external_dev,unknown,unknown,1.0,e598e1b32871f460756118ba6d4a5f1ad3679a3b9727dff1afa04d4d0de96a28,17.589874267578125,fp32
25637,F:\val to be deleted 2\fake\6071.png,1,external_dev,unknown,unknown,1.0,e598e1b32871f460756118ba6d4a5f1ad3679a3b9727dff1afa04d4d0de96a28,16.676546096801758,fp32
13491,F:\val to be deleted 2\fake\22139.png,1,external_dev,unknown,unknown,0.9999998807907104,e598e1b32871f460756118ba6d4a5f1ad3679a3b9727dff1afa04d4d0de96a28,16.27104949951172,fp32
26287,F:\val to be deleted 2\fake\6657.png,1,external_dev,unknown,unknown,1.0,e598e1b32871f460756118ba6d4a5f1ad3679a3b9727dff1afa04d4d0de96a28,19.452369689941406,fp32
21951,F:\val to be deleted 2\fake\29754.png,1,external_dev,unknown,unknown,0.999929666519165,e598e1b32871f460756118ba6d4a5f1ad3679a3b9727dff1afa04d4d0de96a28,9.562362670898438,fp32
28313,F:\val to be deleted 2\fake\8480.png,1,external_dev,unknown,unknown,0.9999910593032837,e598e1b32871f460756118ba6d4a5f1ad3679a3b9727dff1afa04d4d0de96a28,11.62075138092041,fp32
24086,F:\val to be deleted 2\fake\4676.png,1,external_dev,unknown,unknown,1.0,e598e1b32871f460756118ba6d4a5f1ad3679a3b9727dff1afa04d4d0de96a28,17.188690185546875,fp32
26566,F:\val to be deleted 2\fake\6908.png,1,external_dev,unknown,unknown,0.9999969005584717,e598e1b32871f460756118ba6d4a5f1ad3679a3b9727dff1afa04d4d0de96a28,12.702858924865723,fp32
8131,F:\val to be deleted 2\fake\17315.png,1,external_dev,unknown,unknown,0.9999947547912598,e598e1b32871f460756118ba6d4a5f1ad3679a3b9727dff1afa04d4d0de96a28,12.150607109069824,fp32
8742,F:\val to be deleted 2\fake\17866.png,1,external_dev,unknown,unknown,0.9999998807907104,e598e1b32871f460756118ba6d4a5f1ad3679a3b9727dff1afa04d4d0de96a28,16.564701080322266,fp32
5216,F:\val to be deleted 2\fake\14692.png,1,external_dev,unknown,unknown,0.9999997615814209,e598e1b32871f460756118ba6d4a5f1ad3679a3b9727dff1afa04d4d0de96a28,15.226683616638184,fp32
25800,F:\val to be deleted 2\fake\6218.png,1,external_dev,unknown,unknown,0.9999961853027344,e598e1b32871f460756118ba6d4a5f1ad3679a3b9727dff1afa04d4d0de96a28,12.481934547424316,fp32
22979,F:\val to be deleted 2\fake\368.png,1,external_dev,unknown,unknown,1.0,e598e1b32871f460756118ba6d4a5f1ad3679a3b9727dff1afa04d4d0de96a28,17.341997146606445,fp32
3542,F:\val to be deleted 2\fake\13185.png,1,external_dev,unknown,unknown,1.0,e598e1b32871f460756118ba6d4a5f1ad3679a3b9727dff1afa04d4d0de96a28,19.47980499267578,fp32
12535,F:\val to be deleted 2\fake\21279.png,1,external_dev,unknown,unknown,1.0,e598e1b32871f460756118ba6d4a5f1ad3679a3b9727dff1afa04d4d0de96a28,20.085651397705078,fp32
28579,F:\val to be deleted 2\fake\872.png,1,external_dev,unknown,unknown,0.9999996423721313,e598e1b32871f460756118ba6d4a5f1ad3679a3b9727dff1afa04d4d0de96a28,14.868659973144531,fp32
1268,F:\val to be deleted 2\fake\11138.png,1,external_dev,unknown,unknown,0.9999997615814209,e598e1b32871f460756118ba6d4a5f1ad3679a3b9727dff1afa04d4d0de96a28,15.18347454071045,fp32
28134,F:\val to be deleted 2\fake\8319.png,1,external_dev,unknown,unknown,1.0,e598e1b32871f460756118ba6d4a5f1ad3679a3b9727dff1afa04d4d0de96a28,17.213924407958984,fp32
15423,F:\val to be deleted 2\fake\23879.png,1,external_dev,unknown,unknown,0.9999998807907104,e598e1b32871f460756118ba6d4a5f1ad3679a3b9727dff1afa04d4d0de96a28,15.64016056060791,fp32
7288,F:\val to be deleted 2\fake\16557.png,1,external_dev,unknown,unknown,0.999995231628418,e598e1b32871f460756118ba6d4a5f1ad3679a3b9727dff1afa04d4d0de96a28,12.252762794494629,fp32
6539,F:\val to be deleted 2\fake\15883.png,1,external_dev,unknown,unknown,0.999932050704956,e598e1b32871f460756118ba6d4a5f1ad3679a3b9727dff1afa04d4d0de96a28,9.596452713012695,fp32
26757,F:\val to be deleted 2\fake\708.png,1,external_dev,unknown,unknown,0.9999997615814209,e598e1b32871f460756118ba6d4a5f1ad3679a3b9727dff1afa04d4d0de96a28,15.1511812210083,fp32
15083,F:\val to be deleted 2\fake\23572.png,1,external_dev,unknown,unknown,0.9999994039535522,e598e1b32871f460756118ba6d4a5f1ad3679a3b9727dff1afa04d4d0de96a28,14.429864883422852,fp32
11457,F:\val to be deleted 2\fake\20308.png,1,external_dev,unknown,unknown,0.9999997615814209,e598e1b32871f460756118ba6d4a5f1ad3679a3b9727dff1afa04d4d0de96a28,15.32967472076416,fp32
10000,F:\val to be deleted 2\fake\18999.png,1,external_dev,unknown,unknown,0.9999998807907104,e598e1b32871f460756118ba6d4a5f1ad3679a3b9727dff1afa04d4d0de96a28,15.723322868347168,fp32
26887,F:\val to be deleted 2\fake\7197.png,1,external_dev,unknown,unknown,0.9999998807907104,e598e1b32871f460756118ba6d4a5f1ad3679a3b9727dff1afa04d4d0de96a28,16.04922103881836,fp32
26061,F:\val to be deleted 2\fake\6453.png,1,external_dev,unknown,unknown,0.9999905824661255,e598e1b32871f460756118ba6d4a5f1ad3679a3b9727dff1afa04d4d0de96a28,11.575299263000488,fp32
28551,F:\val to be deleted 2\fake\8695.png,1,external_dev,unknown,unknown,1.0,e598e1b32871f460756118ba6d4a5f1ad3679a3b9727dff1afa04d4d0de96a28,17.6143856048584,fp32
7457,F:\val to be deleted 2\fake\16709.png,1,external_dev,unknown,unknown,0.9999996423721313,e598e1b32871f460756118ba6d4a5f1ad3679a3b9727dff1afa04d4d0de96a28,14.76317024230957,fp32
7304,F:\val to be deleted 2\fake\16571.png,1,external_dev,unknown,unknown,1.0,e598e1b32871f460756118ba6d4a5f1ad3679a3b9727dff1afa04d4d0de96a28,16.66819953918457,fp32
775,F:\val to be deleted 2\fake\10695.png,1,external_dev,unknown,unknown,0.9999997615814209,e598e1b32871f460756118ba6d4a5f1ad3679a3b9727dff1afa04d4d0de96a28,15.142945289611816,fp32
21627,F:\val to be deleted 2\fake\29462.png,1,external_dev,unknown,unknown,0.9999996423721313,e598e1b32871f460756118ba6d4a5f1ad3679a3b9727dff1afa04d4d0de96a28,14.832998275756836,fp32
6328,F:\val to be deleted 2\fake\15693.png,1,external_dev,unknown,unknown,0.9999998807907104,e598e1b32871f460756118ba6d4a5f1ad3679a3b9727dff1afa04d4d0de96a28,16.179119110107422,fp32
13056,F:\val to be deleted 2\fake\21748.png,1,external_dev,unknown,unknown,1.0,e598e1b32871f460756118ba6d4a5f1ad3679a3b9727dff1afa04d4d0de96a28,20.288604736328125,fp32
10756,F:\val to be deleted 2\fake\19679.png,1,external_dev,unknown,unknown,0.999998927116394,e598e1b32871f460756118ba6d4a5f1ad3679a3b9727dff1afa04d4d0de96a28,13.71624755859375,fp32
9129,F:\val to be deleted 2\fake\18213.png,1,external_dev,unknown,unknown,0.9999997615814209,e598e1b32871f460756118ba6d4a5f1ad3679a3b9727dff1afa04d4d0de96a28,15.077265739440918,fp32
28323,F:\val to be deleted 2\fake\849.png,1,external_dev,unknown,unknown,1.0,e598e1b32871f460756118ba6d4a5f1ad3679a3b9727dff1afa04d4d0de96a28,21.90810775756836,fp32
2274,F:\val to be deleted 2\fake\12043.png,1,external_dev,unknown,unknown,0.9999997615814209,e598e1b32871f460756118ba6d4a5f1ad3679a3b9727dff1afa04d4d0de96a28,15.449295997619629,fp32
25340,F:\val to be deleted 2\fake\5804.png,1,external_dev,unknown,unknown,1.0,e598e1b32871f460756118ba6d4a5f1ad3679a3b9727dff1afa04d4d0de96a28,17.403276443481445,fp32
9146,F:\val to be deleted 2\fake\18229.png,1,external_dev,unknown,unknown,0.9999997615814209,e598e1b32871f460756118ba6d4a5f1ad3679a3b9727dff1afa04d4d0de96a28,15.279488563537598,fp32
11506,F:\val to be deleted 2\fake\20352.png,1,external_dev,unknown,unknown,1.0,e598e1b32871f460756118ba6d4a5f1ad3679a3b9727dff1afa04d4d0de96a28,18.662029266357422,fp32
21020,F:\val to be deleted 2\fake\28916.png,1,external_dev,unknown,unknown,0.9999939203262329,e598e1b32871f460756118ba6d4a5f1ad3679a3b9727dff1afa04d4d0de96a28,12.017735481262207,fp32
16692,F:\val to be deleted 2\fake\2502.png,1,external_dev,unknown,unknown,1.0,e598e1b32871f460756118ba6d4a5f1ad3679a3b9727dff1afa04d4d0de96a28,17.82705307006836,fp32
13096,F:\val to be deleted 2\fake\21784.png,1,external_dev,unknown,unknown,0.999996542930603,e598e1b32871f460756118ba6d4a5f1ad3679a3b9727dff1afa04d4d0de96a28,12.586950302124023,fp32
22266,F:\val to be deleted 2\fake\3037.png,1,external_dev,unknown,unknown,1.0,e598e1b32871f460756118ba6d4a5f1ad3679a3b9727dff1afa04d4d0de96a28,20.301944732666016,fp32
27645,F:\val to be deleted 2\fake\788.png,1,external_dev,unknown,unknown,1.0,e598e1b32871f460756118ba6d4a5f1ad3679a3b9727dff1afa04d4d0de96a28,18.07843589782715,fp32
17570,F:\val to be deleted 2\fake\25810.png,1,external_dev,unknown,unknown,1.0,e598e1b32871f460756118ba6d4a5f1ad3679a3b9727dff1afa04d4d0de96a28,18.111522674560547,fp32
10851,F:\val to be deleted 2\fake\19764.png,1,external_dev,unknown,unknown,1.0,e598e1b32871f460756118ba6d4a5f1ad3679a3b9727dff1afa04d4d0de96a28,19.989866256713867,fp32
904,F:\val to be deleted 2\fake\10810.png,1,external_dev,unknown,unknown,0.9999998807907104,e598e1b32871f460756118ba6d4a5f1ad3679a3b9727dff1afa04d4d0de96a28,16.241853713989258,fp32
3779,F:\val to be deleted 2\fake\13399.png,1,external_dev,unknown,unknown,1.0,e598e1b32871f460756118ba6d4a5f1ad3679a3b9727dff1afa04d4d0de96a28,18.43901252746582,fp32
28738,F:\val to be deleted 2\fake\8863.png,1,external_dev,unknown,unknown,0.9992606043815613,e598e1b32871f460756118ba6d4a5f1ad3679a3b9727dff1afa04d4d0de96a28,7.208878040313721,fp32
8559,F:\val to be deleted 2\fake\17700.png,1,external_dev,unknown,unknown,1.0,e598e1b32871f460756118ba6d4a5f1ad3679a3b9727dff1afa04d4d0de96a28,18.673015594482422,fp32
5851,F:\val to be deleted 2\fake\15263.png,1,external_dev,unknown,unknown,1.0,e598e1b32871f460756118ba6d4a5f1ad3679a3b9727dff1afa04d4d0de96a28,17.989288330078125,fp32
19024,F:\val to be deleted 2\fake\27119.png,1,external_dev,unknown,unknown,1.0,e598e1b32871f460756118ba6d4a5f1ad3679a3b9727dff1afa04d4d0de96a28,17.57101058959961,fp32
8698,F:\val to be deleted 2\fake\17826.png,1,external_dev,unknown,unknown,1.0,e598e1b32871f460756118ba6d4a5f1ad3679a3b9727dff1afa04d4d0de96a28,17.583297729492188,fp32
1253,F:\val to be deleted 2\fake\11124.png,1,external_dev,unknown,unknown,1.0,e598e1b32871f460756118ba6d4a5f1ad3679a3b9727dff1afa04d4d0de96a28,17.102275848388672,fp32
3552,F:\val to be deleted 2\fake\13194.png,1,external_dev,unknown,unknown,1.0,e598e1b32871f460756118ba6d4a5f1ad3679a3b9727dff1afa04d4d0de96a28,19.774860382080078,fp32
19548,F:\val to be deleted 2\fake\27591.png,1,external_dev,unknown,unknown,1.0,e598e1b32871f460756118ba6d4a5f1ad3679a3b9727dff1afa04d4d0de96a28,18.22276496887207,fp32
14239,F:\val to be deleted 2\fake\22812.png,1,external_dev,unknown,unknown,0.9999972581863403,e598e1b32871f460756118ba6d4a5f1ad3679a3b9727dff1afa04d4d0de96a28,12.81225299835205,fp32
11327,F:\val to be deleted 2\fake\20191.png,1,external_dev,unknown,unknown,0.9999873638153076,e598e1b32871f460756118ba6d4a5f1ad3679a3b9727dff1afa04d4d0de96a28,11.278703689575195,fp32
23872,F:\val to be deleted 2\fake\4483.png,1,external_dev,unknown,unknown,0.9999992847442627,e598e1b32871f460756118ba6d4a5f1ad3679a3b9727dff1afa04d4d0de96a28,14.23720645904541,fp32
25769,F:\val to be deleted 2\fake\6190.png,1,external_dev,unknown,unknown,1.0,e598e1b32871f460756118ba6d4a5f1ad3679a3b9727dff1afa04d4d0de96a28,17.78573226928711,fp32
10278,F:\val to be deleted 2\fake\19248.png,1,external_dev,unknown,unknown,1.0,e598e1b32871f460756118ba6d4a5f1ad3679a3b9727dff1afa04d4d0de96a28,17.083221435546875,fp32
14299,F:\val to be deleted 2\fake\22867.png,1,external_dev,unknown,unknown,0.9999978542327881,e598e1b32871f460756118ba6d4a5f1ad3679a3b9727dff1afa04d4d0de96a28,13.052132606506348,fp32
19864,F:\val to be deleted 2\fake\27876.png,1,external_dev,unknown,unknown,1.0,e598e1b32871f460756118ba6d4a5f1ad3679a3b9727dff1afa04d4d0de96a28,19.143657684326172,fp32
16758,F:\val to be deleted 2\fake\2508.png,1,external_dev,unknown,unknown,1.0,e598e1b32871f460756118ba6d4a5f1ad3679a3b9727dff1afa04d4d0de96a28,18.29924201965332,fp32
3789,F:\val to be deleted 2\fake\13407.png,1,external_dev,unknown,unknown,0.9999998807907104,e598e1b32871f460756118ba6d4a5f1ad3679a3b9727dff1afa04d4d0de96a28,16.593875885009766,fp32
12622,F:\val to be deleted 2\fake\21357.png,1,external_dev,unknown,unknown,1.0,e598e1b32871f460756118ba6d4a5f1ad3679a3b9727dff1afa04d4d0de96a28,20.127105712890625,fp32
29474,F:\val to be deleted 2\fake\9525.png,1,external_dev,unknown,unknown,1.0,e598e1b32871f460756118ba6d4a5f1ad3679a3b9727dff1afa04d4d0de96a28,20.583091735839844,fp32
18893,F:\val to be deleted 2\fake\27000.png,1,external_dev,unknown,unknown,0.9999998807907104,e598e1b32871f460756118ba6d4a5f1ad3679a3b9727dff1afa04d4d0de96a28,15.960930824279785,fp32
6228,F:\val to be deleted 2\fake\15602.png,1,external_dev,unknown,unknown,1.0,e598e1b32871f460756118ba6d4a5f1ad3679a3b9727dff1afa04d4d0de96a28,18.325435638427734,fp32
8346,F:\val to be deleted 2\fake\17509.png,1,external_dev,unknown,unknown,1.0,e598e1b32871f460756118ba6d4a5f1ad3679a3b9727dff1afa04d4d0de96a28,17.57424545288086,fp32
